source,destination,success,hops,reason,delay_ms,path
4087,4295,True,7,reached destination,54.02136688000617,4087 -> 533 -> 1291 -> 824 -> 1287 -> 4146 -> 1181 -> 4295
4164,4141,True,2,reached destination,4.412971669703507,4164 -> 1635 -> 4141
4117,4313,True,8,reached destination,51.7362994839489,4117 -> 1996 -> 810 -> 534 -> 818 -> 745 -> 811 -> 538 -> 4313
4180,4228,True,4,reached destination,22.326895355147293,4180 -> 3079 -> 4031 -> 3083 -> 4228
4268,4292,True,2,reached destination,6.727754864456726,4268 -> 2522 -> 4292
4124,4194,True,5,reached destination,25.282830717615617,4124 -> 2952 -> 4288 -> 1289 -> 2331 -> 4194
4190,4174,True,6,reached destination,19.880367533500443,4190 -> 1892 -> 58 -> 1189 -> 56 -> 1195 -> 4174
4252,4220,True,2,reached destination,3.8223731025203787,4252 -> 934 -> 4220
4104,4147,True,2,reached destination,5.165461778461893,4104 -> 41 -> 4147
4240,4145,True,6,reached destination,30.485327973888513,4240 -> 1607 -> 1681 -> 2297 -> 4226 -> 934 -> 4145
4322,4301,True,2,reached destination,4.905584864185155,4322 -> 942 -> 4301
4146,4308,True,2,reached destination,12.736375859130362,4146 -> 2212 -> 4308
4303,4324,True,18,reached destination,55.66499030299642,4303 -> 681 -> 689 -> 690 -> 2266 -> 687 -> 696 -> 2243 -> 530 -> 685 -> 2252 -> 2245 -> 683 -> 2240 -> 527 -> 2241 -> 2242 -> 697 -> 4324
4180,4255,True,6,reached destination,29.91053957091473,4180 -> 2682 -> 2686 -> 4041 -> 4270 -> 4017 -> 4255
4169,4259,True,7,reached destination,40.74371634322343,4169 -> 1676 -> 4297 -> 3804 -> 3366 -> 4111 -> 2488 -> 4259
4118,4188,True,12,reached destination,51.710599570735,4118 -> 1892 -> 58 -> 1189 -> 56 -> 1195 -> 1187 -> 1905 -> 1893 -> 1899 -> 1916 -> 1904 -> 4188
4245,4240,True,5,reached destination,26.60197144633836,4245 -> 3370 -> 3804 -> 3366 -> 2847 -> 4240
4145,4173,True,2,reached destination,7.371799540481502,4145 -> 2090 -> 4173
4196,4102,True,2,reached destination,7.701071978681361,4196 -> 1890 -> 4102
4318,4116,True,12,reached destination,49.91722643344269,4318 -> 1916 -> 1899 -> 1893 -> 1905 -> 1187 -> 1195 -> 56 -> 1189 -> 58 -> 1892 -> 1896 -> 4116
4164,4086,True,2,reached destination,3.706896665613356,4164 -> 43 -> 4086
4315,4324,True,2,reached destination,3.7675331763017006,4315 -> 79 -> 4324
4147,4121,True,2,reached destination,8.464057316075571,4147 -> 557 -> 4121
4178,4160,True,2,reached destination,4.824801888067386,4178 -> 2212 -> 4160
4321,4081,True,6,reached destination,40.85828923119671,4321 -> 3095 -> 4100 -> 3789 -> 3852 -> 3788 -> 4081
4208,4191,False,0,no graph path,inf,4208
4253,4118,True,5,reached destination,34.67441579162917,4253 -> 3357 -> 3350 -> 3355 -> 3353 -> 4118
4113,4286,True,2,reached destination,8.470008620186029,4113 -> 1109 -> 4286
4297,4187,True,4,reached destination,20.645123891943395,4297 -> 1676 -> 4322 -> 3007 -> 4187
4299,4144,True,11,reached destination,51.61650554424805,4299 -> 1196 -> 1264 -> 1185 -> 794 -> 1636 -> 1190 -> 1204 -> 1197 -> 1202 -> 74 -> 4144
4127,4224,True,3,reached destination,14.277869374657277,4127 -> 2240 -> 2095 -> 4224
4177,4284,True,2,reached destination,4.878716631036958,4177 -> 2386 -> 4284
4253,4202,True,8,reached destination,31.907823785602833,4253 -> 1477 -> 4208 -> 3478 -> 3100 -> 3501 -> 3121 -> 3515 -> 4202
4110,4229,True,4,reached destination,27.234256711610605,4110 -> 3245 -> 3247 -> 3257 -> 4229
4264,4228,True,2,reached destination,4.121051049655957,4264 -> 510 -> 4228
4147,4085,True,7,reached destination,45.430289834621504,4147 -> 3793 -> 3789 -> 3852 -> 3788 -> 4081 -> 1606 -> 4085
4223,4300,True,2,reached destination,6.282681854366902,4223 -> 1109 -> 4300
4117,4226,True,10,reached destination,63.29118578223608,4117 -> 820 -> 819 -> 4133 -> 386 -> 382 -> 974 -> 971 -> 1712 -> 1714 -> 4226
4289,4324,True,2,reached destination,3.6473472157420295,4289 -> 1937 -> 4324
4236,4180,True,7,reached destination,42.15473308804986,4236 -> 3789 -> 4187 -> 2992 -> 4211 -> 4031 -> 3079 -> 4180
4114,4143,True,6,reached destination,31.4376165519966,4114 -> 930 -> 931 -> 1627 -> 2643 -> 1631 -> 4143
4158,4140,True,2,reached destination,12.504000213796825,4158 -> 568 -> 4140
4232,4297,True,2,reached destination,10.345602446767964,4232 -> 1961 -> 4297
4288,4241,True,8,reached destination,43.971610675333636,4288 -> 2952 -> 3868 -> 3862 -> 4187 -> 3362 -> 3345 -> 3349 -> 4241
4173,4087,True,8,reached destination,50.44669078289868,4173 -> 3985 -> 3093 -> 3088 -> 3097 -> 3078 -> 4066 -> 3442 -> 4087
4269,4148,True,6,reached destination,30.10012465801647,4269 -> 3451 -> 3453 -> 3452 -> 2686 -> 2682 -> 4148
4284,4260,True,2,reached destination,10.555161450274941,4284 -> 557 -> 4260
4279,4213,True,8,reached destination,43.42765788320725,4279 -> 1419 -> 1693 -> 4294 -> 2811 -> 2809 -> 2806 -> 2804 -> 4213
4295,4260,True,2,reached destination,6.7977282523339415,4295 -> 1946 -> 4260
4083,4308,True,5,reached destination,31.625731166091928,4083 -> 3036 -> 3053 -> 3996 -> 3994 -> 4308
4104,4109,True,2,reached destination,8.040754069068452,4104 -> 490 -> 4109
4307,4152,True,6,reached destination,31.596418268000455,4307 -> 472 -> 4297 -> 3804 -> 3366 -> 2847 -> 4152
4103,4183,True,11,reached destination,31.80229205349878,4103 -> 684 -> 2250 -> 681 -> 689 -> 690 -> 2266 -> 687 -> 696 -> 2243 -> 530 -> 4183
4181,4121,True,4,reached destination,28.063211011235413,4181 -> 3827 -> 3824 -> 3822 -> 4121
4150,4257,True,9,reached destination,37.27094100954739,4150 -> 3368 -> 3761 -> 3806 -> 2670 -> 3743 -> 2845 -> 2849 -> 3724 -> 4257
4150,4144,True,2,reached destination,6.408882979584946,4150 -> 2308 -> 4144
4325,4145,True,2,reached destination,9.5886543168881,4325 -> 1143 -> 4145
4243,4220,True,2,reached destination,12.37104776903075,4243 -> 1265 -> 4220
4277,4238,True,2,reached destination,5.5961805189917335,4277 -> 2335 -> 4238
4308,4243,True,2,reached destination,5.451223523618893,4308 -> 2639 -> 4243
4329,4256,False,0,no graph path,inf,4329
4188,4318,True,2,reached destination,6.0407676053877895,4188 -> 961 -> 4318
4130,4157,True,2,reached destination,5.530989546769616,4130 -> 1170 -> 4157
4117,4265,True,16,reached destination,53.26463341352457,4117 -> 1168 -> 4303 -> 681 -> 689 -> 690 -> 2266 -> 687 -> 696 -> 2243 -> 530 -> 685 -> 2252 -> 2245 -> 683 -> 2240 -> 4265
4189,4322,True,5,reached destination,17.636076294725484,4189 -> 1195 -> 56 -> 1189 -> 58 -> 4322
4291,4191,False,0,no graph path,inf,4291
4106,4222,True,2,reached destination,10.223278659238336,4106 -> 1761 -> 4222
4098,4271,True,2,reached destination,4.014487356622039,4098 -> 1151 -> 4271
4323,4223,True,2,reached destination,6.425451909508357,4323 -> 2308 -> 4223
4277,4261,True,14,reached destination,49.67628099301448,4277 -> 1961 -> 1941 -> 1949 -> 1948 -> 714 -> 1278 -> 709 -> 1958 -> 1959 -> 1944 -> 717 -> 1280 -> 1943 -> 4261
4211,4159,True,2,reached destination,6.326112677453681,4211 -> 2324 -> 4159
4164,4285,True,9,reached destination,53.26291859648032,4164 -> 1761 -> 4225 -> 56 -> 1195 -> 1187 -> 1905 -> 1893 -> 1899 -> 4285
4309,4137,True,2,reached destination,5.87596261907664,4309 -> 2242 -> 4137
4158,4088,True,4,reached destination,23.711501058126856,4158 -> 2309 -> 4288 -> 3092 -> 4088
4219,4104,True,2,reached destination,7.822005366370406,4219 -> 1770 -> 4104
4155,4290,True,2,reached destination,6.49345549942654,4155 -> 59 -> 4290
4172,4138,True,7,reached destination,46.05232136693732,4172 -> 3442 -> 4066 -> 3078 -> 3097 -> 3088 -> 3093 -> 4138
4256,4121,False,0,no graph path,inf,4256
4126,4159,True,2,reached destination,4.539721586044516,4126 -> 1412 -> 4159
4224,4229,True,11,reached destination,53.81747547641571,4224 -> 1019 -> 1022 -> 2571 -> 4241 -> 3374 -> 3384 -> 2801 -> 2786 -> 2807 -> 2789 -> 4229
4270,4272,True,2,reached destination,12.080646874709046,4270 -> 3938 -> 4272
4290,4195,True,2,reached destination,3.7977293755745603,4290 -> 4033 -> 4195
4159,4154,True,2,reached destination,4.7738454945993265,4159 -> 1273 -> 4154
4104,4288,True,2,reached destination,11.373451340833636,4104 -> 2952 -> 4288
4157,4315,True,3,reached destination,14.717961657603777,4157 -> 1770 -> 2430 -> 4315
4304,4170,True,11,reached destination,56.99854826720956,4304 -> 1904 -> 1916 -> 1899 -> 1893 -> 1905 -> 1187 -> 1195 -> 56 -> 4275 -> 2308 -> 4170
4175,4185,True,2,reached destination,11.61820597468284,4175 -> 1216 -> 4185
4161,4153,True,2,reached destination,7.51967295162418,4161 -> 842 -> 4153
4240,4121,True,6,reached destination,28.723750701084477,4240 -> 1607 -> 1681 -> 2297 -> 4226 -> 2013 -> 4121
4193,4156,True,11,reached destination,32.24245503465227,4193 -> 1914 -> 1910 -> 1201 -> 1188 -> 1193 -> 64 -> 1900 -> 1898 -> 66 -> 2101 -> 4156
4107,4159,True,2,reached destination,10.402683290611114,4107 -> 1890 -> 4159
4274,4162,True,7,reached destination,29.56156203206259,4274 -> 3649 -> 3167 -> 3173 -> 3101 -> 4226 -> 199 -> 4162
4224,4118,True,6,reached destination,19.543030018992884,4224 -> 1195 -> 56 -> 1189 -> 58 -> 1892 -> 4118
4156,4211,True,2,reached destination,5.511978353963177,4156 -> 2090 -> 4211
4295,4264,True,2,reached destination,5.331934931966847,4295 -> 514 -> 4264
4086,4182,True,3,reached destination,13.515177326368043,4086 -> 41 -> 2386 -> 4182
4209,4128,True,2,reached destination,3.551737986643868,4209 -> 1865 -> 4128
4324,4259,True,8,reached destination,37.9818318871051,4324 -> 1145 -> 4326 -> 3867 -> 3350 -> 3801 -> 4111 -> 2488 -> 4259
4237,4319,True,2,reached destination,4.4743630771310645,4237 -> 510 -> 4319
4189,4318,True,6,reached destination,28.57853411207033,4189 -> 1187 -> 1905 -> 1893 -> 1899 -> 1916 -> 4318
4113,4283,True,2,reached destination,6.837858288489938,4113 -> 2090 -> 4283
4312,4087,True,5,reached destination,43.30708266049782,4312 -> 807 -> 1270 -> 763 -> 547 -> 4087
4285,4230,True,13,reached destination,42.645109509703616,4285 -> 1821 -> 389 -> 962 -> 190 -> 775 -> 772 -> 1808 -> 776 -> 771 -> 227 -> 367 -> 975 -> 4230
4135,4253,True,5,reached destination,35.30574533531312,4135 -> 3791 -> 3795 -> 3867 -> 3792 -> 4253
4224,4128,True,5,reached destination,26.420443490064965,4224 -> 1195 -> 56 -> 4207 -> 935 -> 4128
4279,4273,True,9,reached destination,33.751496621519024,4279 -> 2649 -> 1565 -> 4208 -> 3478 -> 3100 -> 3501 -> 3121 -> 3515 -> 4273
4249,4163,True,2,reached destination,3.660645984641185,4249 -> 43 -> 4163
4285,4097,True,11,reached destination,48.856962737715335,4285 -> 1916 -> 4296 -> 2420 -> 2425 -> 2433 -> 921 -> 2428 -> 2437 -> 2416 -> 554 -> 4097
4189,4175,True,3,reached destination,17.142824419618954,4189 -> 2095 -> 2241 -> 4175
4260,4286,True,2,reached destination,6.596188975946379,4260 -> 1181 -> 4286
4296,4202,True,6,reached destination,47.85482935878467,4296 -> 322 -> 1633 -> 319 -> 4147 -> 1903 -> 4202
4174,4294,True,11,reached destination,50.84200556840751,4174 -> 1195 -> 56 -> 1189 -> 4160 -> 1265 -> 4252 -> 2627 -> 2641 -> 2628 -> 484 -> 4294
4088,4259,True,8,reached destination,49.002873256415,4088 -> 3318 -> 3557 -> 3289 -> 3284 -> 3287 -> 4253 -> 110 -> 4259
4214,4177,True,2,reached destination,7.978307068190111,4214 -> 1676 -> 4177
4313,4128,True,6,reached destination,24.966967639179487,4313 -> 1084 -> 2331 -> 1289 -> 2341 -> 2339 -> 4128
4171,4197,True,2,reached destination,5.75530488189159,4171 -> 1154 -> 4197
4218,4265,True,2,reached destination,9.648705075167467,4218 -> 520 -> 4265
4232,4192,True,2,reached destination,3.6347440257125645,4232 -> 2522 -> 4192
4297,4096,True,2,reached destination,12.218262725874435,4297 -> 1676 -> 4096
4169,4228,True,2,reached destination,6.197763241868432,4169 -> 2522 -> 4228
4312,4165,True,9,reached destination,25.838302078189923,4312 -> 668 -> 675 -> 473 -> 674 -> 478 -> 468 -> 670 -> 1477 -> 4165
4270,4140,True,2,reached destination,11.578719307679542,4270 -> 3468 -> 4140
4133,4232,True,6,reached destination,48.45400770827716,4133 -> 1935 -> 1934 -> 1932 -> 1936 -> 733 -> 4232
4236,4116,True,3,reached destination,19.149915957661786,4236 -> 2917 -> 2922 -> 4116
4111,4240,True,2,reached destination,4.1626343894822995,4111 -> 271 -> 4240
4273,4102,True,2,reached destination,7.612769157297173,4273 -> 1768 -> 4102
4263,4221,True,6,reached destination,37.012915111397014,4263 -> 3287 -> 3284 -> 3289 -> 3557 -> 3318 -> 4221
4209,4282,True,2,reached destination,4.11317852370862,4209 -> 514 -> 4282
4120,4102,True,2,reached destination,4.620767240030415,4120 -> 2407 -> 4102
4236,4099,True,11,reached destination,43.429252984684595,4236 -> 2911 -> 2920 -> 3820 -> 3975 -> 3877 -> 2959 -> 2956 -> 3863 -> 3860 -> 3019 -> 4099
4201,4310,True,7,reached destination,30.53630530630398,4201 -> 2516 -> 4251 -> 3168 -> 3470 -> 3150 -> 3635 -> 4310
4323,4114,True,6,reached destination,34.66978454655595,4323 -> 935 -> 934 -> 1627 -> 931 -> 930 -> 4114
4274,4122,True,6,reached destination,27.736949547578497,4274 -> 3769 -> 2847 -> 3366 -> 3804 -> 3370 -> 4122
4271,4269,True,2,reached destination,6.293678454109035,4271 -> 2220 -> 4269
4214,4217,True,11,reached destination,57.81968920909442,4214 -> 1287 -> 824 -> 1291 -> 533 -> 543 -> 821 -> 829 -> 572 -> 2003 -> 590 -> 4217
4163,4305,True,2,reached destination,4.079882478059911,4163 -> 1251 -> 4305
4300,4195,True,2,reached destination,7.9013023102820235,4300 -> 1106 -> 4195
4203,4252,True,3,reached destination,13.700482567755637,4203 -> 935 -> 2644 -> 4252
4290,4156,True,2,reached destination,4.655640093094911,4290 -> 908 -> 4156
4317,4279,True,9,reached destination,39.229434432805505,4317 -> 2558 -> 1445 -> 2539 -> 1444 -> 2541 -> 2546 -> 2531 -> 2554 -> 4279
4322,4161,True,5,reached destination,28.65138283118035,4322 -> 3095 -> 3090 -> 3092 -> 2682 -> 4161
4158,4283,True,2,reached destination,8.875854733351648,4158 -> 1109 -> 4283
4199,4294,True,3,reached destination,24.96050649650736,4199 -> 1877 -> 1879 -> 4294
4234,4095,True,2,reached destination,5.79228533693205,4234 -> 2445 -> 4095
4105,4163,True,15,reached destination,64.57854628414671,4105 -> 2318 -> 2303 -> 2319 -> 2302 -> 2320 -> 2304 -> 2321 -> 2305 -> 2322 -> 2306 -> 2307 -> 2323 -> 2406 -> 2386 -> 4163
4312,4126,True,2,reached destination,9.847520860683533,4312 -> 1181 -> 4126
4241,4246,True,5,reached destination,31.666803722501523,4241 -> 3349 -> 3773 -> 3854 -> 3369 -> 4246
4250,4276,True,7,reached destination,41.42778344041828,4250 -> 2624 -> 2124 -> 1158 -> 497 -> 2639 -> 942 -> 4276
4140,4110,True,3,reached destination,13.143511441586313,4140 -> 1192 -> 1903 -> 4110
4085,4149,True,7,reached destination,43.271493570031986,4085 -> 1606 -> 4081 -> 3788 -> 3349 -> 3773 -> 3854 -> 4149
4081,4310,True,18,reached destination,65.30719774723244,4081 -> 1373 -> 1591 -> 1077 -> 752 -> 1067 -> 1851 -> 1834 -> 1076 -> 1842 -> 1855 -> 1062 -> 1837 -> 1836 -> 1069 -> 1835 -> 1832 -> 1075 -> 4310
4231,4141,True,2,reached destination,5.8806261212058,4231 -> 1412 -> 4141
4219,4144,True,2,reached destination,7.804723361894816,4219 -> 1770 -> 4144
4175,4181,True,8,reached destination,36.87942330586392,4175 -> 1676 -> 1647 -> 1656 -> 1649 -> 36 -> 1641 -> 1658 -> 4181
4130,4197,True,2,reached destination,8.921241218952453,4130 -> 697 -> 4197
4281,4307,True,2,reached destination,7.542123792178246,4281 -> 942 -> 4307
4190,4294,True,5,reached destination,31.72091453637126,4190 -> 510 -> 1865 -> 1877 -> 1879 -> 4294
4309,4135,True,2,reached destination,5.151102684816377,4309 -> 942 -> 4135
4161,4179,True,6,reached destination,31.75571375146837,4161 -> 2682 -> 2686 -> 3452 -> 3453 -> 3451 -> 4179
4184,4081,True,7,reached destination,31.352284373260712,4184 -> 2821 -> 2786 -> 2801 -> 3384 -> 3374 -> 3381 -> 4081
4263,4238,True,6,reached destination,24.836655915660213,4263 -> 1477 -> 670 -> 468 -> 4226 -> 199 -> 4238
4301,4307,True,2,reached destination,5.996120861469356,4301 -> 1202 -> 4307
4104,4310,True,6,reached destination,33.58970749573258,4104 -> 1946 -> 4280 -> 1801 -> 4208 -> 2667 -> 4310
4223,4179,True,2,reached destination,9.068722687100664,4223 -> 490 -> 4179
4278,4206,True,2,reached destination,5.19737994617727,4278 -> 1151 -> 4206
4327,4305,True,2,reached destination,3.673155199669746,4327 -> 1251 -> 4305
4310,4309,True,8,reached destination,37.47003969459939,4310 -> 1607 -> 1860 -> 1857 -> 1600 -> 1856 -> 4245 -> 1650 -> 4309
4110,4308,True,4,reached destination,15.424100172323312,4110 -> 3959 -> 3868 -> 3974 -> 4308
4175,4132,True,2,reached destination,7.923810436333082,4175 -> 2429 -> 4132
4240,4182,True,7,reached destination,38.252751703439614,4240 -> 2847 -> 3366 -> 3804 -> 3370 -> 4122 -> 734 -> 4182
4084,4169,True,4,reached destination,14.848177835467133,4084 -> 2982 -> 3891 -> 2922 -> 4169
4243,4278,True,2,reached destination,4.0330474184676754,4243 -> 2220 -> 4278
4240,4258,True,2,reached destination,4.036637752648561,4240 -> 1423 -> 4258
4294,4327,True,3,reached destination,24.875925909823366,4294 -> 1879 -> 1716 -> 4327
4267,4105,True,9,reached destination,58.096342865115744,4267 -> 3891 -> 2982 -> 3881 -> 3880 -> 3877 -> 3876 -> 3879 -> 3882 -> 4105
4092,4207,True,2,reached destination,12.433827759541032,4092 -> 918 -> 4207
4325,4082,True,2,reached destination,7.6260908488372685,4325 -> 1143 -> 4082
4250,4148,True,10,reached destination,48.14182097580768,4250 -> 3316 -> 3417 -> 3317 -> 3314 -> 3315 -> 2822 -> 2821 -> 4184 -> 3655 -> 4148
4107,4187,True,2,reached destination,7.028823823247494,4107 -> 3891 -> 4187
4252,4329,True,6,reached destination,45.97202162699802,4252 -> 1216 -> 4175 -> 3854 -> 3773 -> 3771 -> 4329
4223,4187,True,2,reached destination,10.838941377394997,4223 -> 2922 -> 4187
4162,4209,True,2,reached destination,3.7032449648156867,4162 -> 1865 -> 4209
4165,4108,True,9,reached destination,32.656887908939325,4165 -> 1477 -> 670 -> 468 -> 478 -> 674 -> 473 -> 4297 -> 1686 -> 4108
4240,4152,True,2,reached destination,4.253632777103498,4240 -> 899 -> 4152
4158,4262,True,3,reached destination,15.871636882664466,4158 -> 2644 -> 490 -> 4262
4291,4164,True,2,reached destination,12.795266683243561,4291 -> 1761 -> 4164
4120,4322,True,2,reached destination,10.385636552206341,4120 -> 1143 -> 4322
4266,4102,True,2,reached destination,5.506057745023323,4266 -> 1109 -> 4102
4256,4239,False,0,no graph path,inf,4256
4285,4145,True,10,reached destination,55.17526102433131,4285 -> 1899 -> 1893 -> 1905 -> 1187 -> 1195 -> 56 -> 1189 -> 4243 -> 1143 -> 4145
4218,4148,True,5,reached destination,21.599992908694148,4218 -> 3453 -> 3452 -> 2686 -> 2682 -> 4148
4239,4279,True,8,reached destination,34.1549558674036,4239 -> 3840 -> 3331 -> 4226 -> 3350 -> 3801 -> 4111 -> 271 -> 4279
4141,4246,True,2,reached destination,7.985875134200833,4141 -> 1770 -> 4246
4284,4200,True,2,reached destination,11.11412438875199,4284 -> 918 -> 4200
4175,4268,True,2,reached destination,5.699080706319441,4175 -> 2406 -> 4268
4304,4321,True,10,reached destination,59.50606638658491,4304 -> 326 -> 2420 -> 2425 -> 2433 -> 921 -> 2428 -> 2437 -> 4307 -> 1154 -> 4321
4194,4308,True,6,reached destination,32.5110014420667,4194 -> 2331 -> 1289 -> 4288 -> 3069 -> 3067 -> 4308
4165,4129,True,11,reached destination,53.89744343600993,4165 -> 875 -> 803 -> 4257 -> 3285 -> 3286 -> 3298 -> 3614 -> 3611 -> 4172 -> 1221 -> 4129
4197,4109,True,2,reached destination,9.015136485362047,4197 -> 1770 -> 4109
4284,4282,True,2,reached destination,9.204773146086326,4284 -> 1903 -> 4282
4208,4295,True,4,reached destination,19.126378805848297,4208 -> 1801 -> 4280 -> 1877 -> 4295
4125,4100,True,2,reached destination,11.4666609247797,4125 -> 2386 -> 4100
4084,4116,True,4,reached destination,14.29147839792116,4084 -> 2982 -> 3891 -> 2922 -> 4116
4171,4276,True,2,reached destination,4.198505314662231,4171 -> 1676 -> 4276
4201,4166,True,2,reached destination,7.8113712466944,4201 -> 1109 -> 4166
4294,4195,True,6,reached destination,25.793729733001427,4294 -> 3811 -> 2986 -> 3871 -> 3883 -> 2963 -> 4195
4214,4308,True,3,reached destination,13.676404229987451,4214 -> 3368 -> 3802 -> 4308
4257,4120,True,7,reached destination,33.298594024581085,4257 -> 1790 -> 4111 -> 3801 -> 3350 -> 4226 -> 934 -> 4120
4303,4085,True,3,reached destination,17.42971823757918,4303 -> 1388 -> 605 -> 4085
4125,4255,True,2,reached destination,11.324146716285544,4125 -> 2308 -> 4255
4104,4322,True,2,reached destination,6.295997662428019,4104 -> 2308 -> 4322
4254,4165,True,2,reached destination,5.145378202836053,4254 -> 1657 -> 4165
4236,4109,True,5,reached destination,17.58718738677416,4236 -> 3789 -> 3347 -> 3854 -> 3369 -> 4109
4301,4200,True,2,reached destination,12.530080200173845,4301 -> 3368 -> 4200
4325,4191,False,0,no graph path,inf,4325
4177,4083,True,5,reached destination,26.669894869612975,4177 -> 2434 -> 1768 -> 4288 -> 1289 -> 4083
4145,4209,True,2,reached destination,4.025940841783148,4145 -> 514 -> 4209
4231,4288,True,2,reached destination,9.817312021700628,4231 -> 341 -> 4288
4153,4326,True,5,reached destination,30.964149232065957,4153 -> 2121 -> 837 -> 1713 -> 1709 -> 4326
4300,4278,True,2,reached destination,12.40914898354417,4300 -> 1770 -> 4278
4240,4138,True,6,reached destination,34.11698790849477,4240 -> 2847 -> 3366 -> 3804 -> 4297 -> 1676 -> 4138
4315,4209,True,2,reached destination,3.635975717399866,4315 -> 514 -> 4209
4098,4135,True,2,reached destination,4.388411660435208,4098 -> 2080 -> 4135
4294,4187,True,5,reached destination,39.94484473820848,4294 -> 3811 -> 3808 -> 4210 -> 2992 -> 4187
4162,4251,True,2,reached destination,8.740965113578671,4162 -> 2643 -> 4251
4223,4282,True,2,reached destination,6.5183854841534385,4223 -> 2090 -> 4282
4157,4317,True,3,reached destination,14.062742624144672,4157 -> 2240 -> 2095 -> 4317
4312,4258,True,4,reached destination,26.671328435964018,4312 -> 2831 -> 2841 -> 3753 -> 4258
4303,4310,True,8,reached destination,52.18057671657809,4303 -> 326 -> 4298 -> 3283 -> 3298 -> 3286 -> 3285 -> 3290 -> 4310
4185,4114,True,4,reached destination,23.398651486896632,4185 -> 1627 -> 931 -> 930 -> 4114
4178,4250,True,7,reached destination,38.33618194414444,4178 -> 498 -> 499 -> 2625 -> 2638 -> 1625 -> 2624 -> 4250
4247,4228,True,9,reached destination,57.36083924763605,4247 -> 2085 -> 2083 -> 2096 -> 2084 -> 2076 -> 2092 -> 4278 -> 490 -> 4228
4323,4095,True,2,reached destination,8.223592217132765,4323 -> 2417 -> 4095
4216,4271,True,3,reached destination,15.253665932444505,4216 -> 1676 -> 2220 -> 4271
4254,4119,True,7,reached destination,35.84479558738824,4254 -> 3615 -> 3620 -> 3617 -> 2672 -> 3557 -> 3318 -> 4119
4218,4254,True,6,reached destination,30.704870737656673,4218 -> 2335 -> 4280 -> 1801 -> 4208 -> 1477 -> 4254
4175,4282,True,2,reached destination,11.475342680869268,4175 -> 1192 -> 4282
4198,4131,True,2,reached destination,6.115584944129301,4198 -> 2900 -> 4131
4259,4257,True,2,reached destination,5.882093073407418,4259 -> 3404 -> 4257
4254,4320,True,6,reached destination,32.272311514612696,4254 -> 670 -> 468 -> 4226 -> 3795 -> 3791 -> 4320
4275,4129,True,10,reached destination,43.94748561645332,4275 -> 56 -> 1197 -> 1204 -> 1190 -> 1636 -> 794 -> 1185 -> 1264 -> 1196 -> 4129
4307,4268,True,2,reached destination,7.8233291118586745,4307 -> 490 -> 4268
4105,4084,True,10,reached destination,47.92823457176756,4105 -> 1721 -> 1882 -> 1881 -> 1399 -> 4250 -> 2902 -> 2896 -> 2911 -> 3332 -> 4084
4324,4118,True,2,reached destination,9.754605615131947,4324 -> 1143 -> 4118
4322,4177,True,2,reached destination,5.099446020498256,4322 -> 1770 -> 4177
4300,4215,True,2,reached destination,5.419081901771543,4300 -> 1947 -> 4215
4224,4248,True,4,reached destination,15.603269954862856,4224 -> 1195 -> 56 -> 1189 -> 4248
4189,4133,True,6,reached destination,30.29347292184498,4189 -> 1187 -> 1905 -> 1893 -> 4296 -> 2464 -> 4133
4141,4272,True,2,reached destination,7.022689407009621,4141 -> 2386 -> 4272
4145,4151,True,4,reached destination,21.617213286409534,4145 -> 3938 -> 3891 -> 2982 -> 4151
4188,4287,True,13,reached destination,55.04539525458158,4188 -> 1904 -> 1916 -> 1899 -> 1893 -> 1905 -> 1187 -> 1195 -> 56 -> 1189 -> 58 -> 1892 -> 1896 -> 4287
4140,4122,True,2,reached destination,9.37972987887726,4140 -> 2429 -> 4122
4299,4175,True,10,reached destination,45.95360516222022,4299 -> 1916 -> 1899 -> 1893 -> 1905 -> 1187 -> 1195 -> 56 -> 1189 -> 58 -> 4175
4242,4199,True,2,reached destination,3.546827610915212,4242 -> 1631 -> 4199
4147,4165,True,6,reached destination,34.77782153608748,4147 -> 1216 -> 4252 -> 2908 -> 2912 -> 2897 -> 4165
4299,4216,True,9,reached destination,50.62688387636559,4299 -> 563 -> 4261 -> 2327 -> 763 -> 1270 -> 807 -> 542 -> 539 -> 4216
4146,4171,True,2,reached destination,5.700471933396347,4146 -> 472 -> 4171
4147,4183,True,6,reached destination,20.3118938912343,4147 -> 1892 -> 58 -> 1189 -> 56 -> 1195 -> 4183
4135,4318,True,11,reached destination,45.91985528745804,4135 -> 1892 -> 58 -> 1189 -> 56 -> 1195 -> 1187 -> 1905 -> 1893 -> 1899 -> 1916 -> 4318
4327,4254,True,5,reached destination,27.04944825731015,4327 -> 934 -> 4226 -> 468 -> 670 -> 4254
4169,4270,True,2,reached destination,10.577769829098454,4169 -> 1166 -> 4270
4260,4106,True,3,reached destination,13.365774824352275,4260 -> 3791 -> 3796 -> 4106
4165,4155,True,5,reached destination,31.131946990104154,4165 -> 3827 -> 3824 -> 4302 -> 809 -> 4155
4229,4308,True,7,reached destination,41.34305402412848,4229 -> 3561 -> 4088 -> 3092 -> 3090 -> 4211 -> 3067 -> 4308
4087,4144,True,8,reached destination,50.93577469045244,4087 -> 3442 -> 3447 -> 3444 -> 3449 -> 3446 -> 3448 -> 3451 -> 4144
4328,4181,True,8,reached destination,37.36870581924259,4328 -> 3413 -> 3594 -> 2804 -> 2806 -> 2809 -> 2811 -> 2808 -> 4181
4290,4111,True,6,reached destination,28.726203052499223,4290 -> 1716 -> 4326 -> 3867 -> 3350 -> 3801 -> 4111
4133,4282,True,6,reached destination,53.666714385176434,4133 -> 533 -> 1291 -> 824 -> 1287 -> 2353 -> 4282
4085,4238,True,9,reached destination,54.85543056690089,4085 -> 1606 -> 4081 -> 3788 -> 3852 -> 3345 -> 3347 -> 4131 -> 1154 -> 4238
4271,4235,True,2,reached destination,6.05248039988186,4271 -> 2220 -> 4235
4271,4080,True,7,reached destination,34.89174204031128,4271 -> 3843 -> 4211 -> 3090 -> 3092 -> 2682 -> 4043 -> 4080
4197,4297,True,2,reached destination,10.897931734149225,4197 -> 1181 -> 4297
4242,4139,True,2,reached destination,8.970586404310218,4242 -> 2417 -> 4139
4308,4250,True,5,reached destination,33.24648718557992,4308 -> 941 -> 947 -> 946 -> 928 -> 4250
4327,4093,True,2,reached destination,5.149993525211491,4327 -> 525 -> 4093
4250,4328,True,8,reached destination,40.66101624353232,4250 -> 3316 -> 3417 -> 3317 -> 3314 -> 3315 -> 2822 -> 2821 -> 4328
4187,4278,True,2,reached destination,8.136011261743318,4187 -> 1885 -> 4278
4292,4191,False,0,no graph path,inf,4292
4174,4278,True,3,reached destination,14.27939787441844,4174 -> 2095 -> 2240 -> 4278
4177,4220,True,2,reached destination,8.114131242704289,4177 -> 1945 -> 4220
4153,4247,True,9,reached destination,53.08430789463249,4153 -> 982 -> 375 -> 368 -> 975 -> 367 -> 227 -> 216 -> 221 -> 4247
4199,4136,True,2,reached destination,9.460609030138503,4199 -> 2417 -> 4136
4246,4173,True,2,reached destination,7.6422126074881795,4246 -> 490 -> 4173
4170,4152,True,7,reached destination,32.19247573896944,4170 -> 2516 -> 4251 -> 3168 -> 3470 -> 3150 -> 3635 -> 4152
4208,4253,True,2,reached destination,11.260555274053825,4208 -> 1477 -> 4253
4181,4083,True,6,reached destination,30.023111637013663,4181 -> 1433 -> 4227 -> 3620 -> 3617 -> 2672 -> 4083
4212,4298,True,11,reached destination,47.400987234535975,4212 -> 490 -> 4248 -> 556 -> 912 -> 558 -> 553 -> 910 -> 562 -> 565 -> 570 -> 4298
4216,4122,True,2,reached destination,5.317538706956839,4216 -> 1647 -> 4122
4190,4252,True,2,reached destination,9.551009154124205,4190 -> 2644 -> 4252
4305,4237,True,2,reached destination,3.8394861227952655,4305 -> 510 -> 4237
4275,4277,True,3,reached destination,14.268396897464774,4275 -> 1761 -> 1890 -> 4277
4095,4234,True,2,reached destination,5.79228533693205,4095 -> 2445 -> 4234
4118,4144,True,2,reached destination,5.156379538405945,4118 -> 41 -> 4144
4218,4280,True,2,reached destination,11.983545997761986,4218 -> 2335 -> 4280
4264,4176,True,6,reached destination,26.42710746589105,4264 -> 1951 -> 701 -> 1962 -> 702 -> 1963 -> 4176
4101,4112,True,10,reached destination,59.58495018081675,4101 -> 1154 -> 4307 -> 2437 -> 2428 -> 921 -> 2433 -> 2425 -> 2420 -> 326 -> 4112
4109,4241,True,5,reached destination,30.652661532495618,4109 -> 3369 -> 3854 -> 3773 -> 3349 -> 4241
4094,4316,True,15,reached destination,54.21474512051534,4094 -> 1171 -> 2394 -> 2405 -> 1183 -> 2385 -> 2404 -> 1167 -> 2393 -> 2403 -> 1172 -> 2400 -> 1182 -> 2392 -> 1168 -> 4316
4131,4222,True,2,reached destination,7.708187813396542,4131 -> 3095 -> 4222
4181,4255,True,8,reached destination,39.52368693782422,4181 -> 1477 -> 670 -> 468 -> 4226 -> 2235 -> 4166 -> 490 -> 4255
