source,destination,greedy_success,greedy_hops,greedy_reason,greedy_path,dijkstra_success,dijkstra_hops,dijkstra_delay_ms,dijkstra_path
867,1075,False,0,no reachable relay,867,True,9,54.23315340272829,867 -> 128 -> 54 -> 331 -> 127 -> 118 -> 174 -> 388 -> 147 -> 1075
944,921,False,0,no reachable relay,944,True,2,4.751499579061324,944 -> 10 -> 921
897,1093,False,1,no reachable relay,897 -> 28,True,8,53.00846109910455,897 -> 285 -> 60 -> 83 -> 129 -> 157 -> 933 -> 808 -> 1093
960,1008,False,0,no reachable relay,960,True,3,22.300307094626937,960 -> 810 -> 809 -> 1008
1048,1072,False,0,no reachable relay,1048,True,2,7.170236827881249,1048 -> 613 -> 1072
904,974,False,0,no reachable relay,904,True,5,25.61629038873656,904 -> 809 -> 1068 -> 318 -> 317 -> 974
970,954,False,0,no reachable relay,970,True,3,19.92851301731846,970 -> 344 -> 309 -> 954
1032,1000,True,1,reached destination,1032 -> 1000,True,2,4.001012923480139,1032 -> 789 -> 1000
884,927,False,0,no reachable relay,884,True,2,5.431572944734608,884 -> 613 -> 927
1020,925,False,50,maximum hops reached,1020 -> 299 -> 369 -> 383 -> 1011 -> 6 -> 939 -> 348 -> 903 -> 179 -> 908 -> 319 -> 1017 -> 410 -> 905 -> 402 -> 489 -> 190 -> 142 -> 10 -> 316 -> 397 -> 329 -> 140 -> 45 -> 417 -> 389 -> 188 -> 207 -> 71 -> 635 -> 147 -> 713 -> 335 -> 669 -> 1085 -> 53 -> 809 -> 388 -> 55 -> 113 -> 353 -> 586 -> 281 -> 761 -> 942 -> 307 -> 663 -> 1044 -> 371 -> 715,True,7,32.8978125143791,1020 -> 760 -> 499 -> 988 -> 804 -> 1082 -> 505 -> 925
1102,1081,False,0,no reachable relay,1102,True,2,4.947916221712419,1102 -> 344 -> 1081
926,1088,False,50,maximum hops reached,926 -> 192 -> 222 -> 343 -> 830 -> 344 -> 889 -> 185 -> 886 -> 357 -> 538 -> 268 -> 634 -> 376 -> 435 -> 783 -> 307 -> 560 -> 767 -> 983 -> 356 -> 834 -> 948 -> 373 -> 788 -> 309 -> 514 -> 726 -> 529 -> 771 -> 500 -> 583 -> 732 -> 657 -> 613 -> 870 -> 218 -> 959 -> 47 -> 599 -> 602 -> 1015 -> 37 -> 1028 -> 312 -> 1026 -> 176 -> 940 -> 196 -> 1049 -> 397,True,3,13.228434744638648,926 -> 356 -> 435 -> 1088
1083,1104,False,3,no reachable relay,1083 -> 252 -> 1076 -> 208,True,7,56.401660728787846,1083 -> 48 -> 49 -> 47 -> 344 -> 918 -> 397 -> 1104
960,1035,False,0,no reachable relay,960,True,5,29.964560799795436,960 -> 810 -> 809 -> 991 -> 599 -> 1035
949,1039,False,0,no reachable relay,949,True,7,39.8174711929187,949 -> 176 -> 926 -> 659 -> 820 -> 801 -> 750 -> 1039
898,968,False,0,no reachable relay,898,True,6,51.92184155874284,898 -> 344 -> 47 -> 49 -> 48 -> 311 -> 968
1025,1020,True,3,reached destination,1025 -> 100 -> 243 -> 1020,True,4,25.767979861446076,1025 -> 659 -> 820 -> 728 -> 1020
925,953,False,0,no reachable relay,925,True,2,7.471530746634785,925 -> 402 -> 953
976,882,False,0,no reachable relay,976,True,2,7.7808465251586405,976 -> 307 -> 882
1098,896,False,50,maximum hops reached,1098 -> 263 -> 1076 -> 208 -> 181 -> 268 -> 397 -> 767 -> 140 -> 788 -> 10 -> 538 -> 417 -> 634 -> 113 -> 642 -> 37 -> 402 -> 307 -> 713 -> 192 -> 179 -> 343 -> 6 -> 435 -> 809 -> 356 -> 1066 -> 190 -> 344 -> 410 -> 732 -> 348 -> 599 -> 1072 -> 176 -> 577 -> 185 -> 188 -> 500 -> 383 -> 613 -> 875 -> 71 -> 529 -> 319 -> 501 -> 914 -> 147 -> 514 -> 782,True,6,49.287492366941116,1098 -> 48 -> 49 -> 47 -> 344 -> 343 -> 896
944,866,False,0,no reachable relay,944,True,2,3.514240776925289,944 -> 410 -> 866
1095,1104,False,0,no reachable relay,1095,True,2,3.673527162875283,1095 -> 383 -> 1104
927,901,False,0,no reachable relay,927,True,2,8.524962784340014,927 -> 417 -> 901
958,940,False,0,no reachable relay,958,True,2,5.058238847846622,958 -> 435 -> 940
1101,861,False,0,no reachable relay,1101,True,7,39.71972036759139,1101 -> 642 -> 538 -> 967 -> 785 -> 541 -> 658 -> 861
988,971,False,14,no reachable relay,988 -> 369 -> 397 -> 783 -> 889 -> 357 -> 886 -> 222 -> 983 -> 185 -> 948 -> 376 -> 959 -> 268 -> 560,False,0,inf,988
1033,898,False,50,maximum hops reached,1033 -> 259 -> 369 -> 176 -> 538 -> 113 -> 344 -> 140 -> 37 -> 397 -> 185 -> 10 -> 218 -> 307 -> 1066 -> 435 -> 1026 -> 356 -> 999 -> 343 -> 1072 -> 192 -> 371 -> 613 -> 940 -> 196 -> 732 -> 314 -> 402 -> 500 -> 334 -> 417 -> 268 -> 388 -> 529 -> 831 -> 514 -> 71 -> 788 -> 188 -> 493 -> 190 -> 767 -> 147 -> 834 -> 410 -> 692 -> 599 -> 258 -> 501 -> 852,True,6,35.23085329699953,1033 -> 302 -> 259 -> 377 -> 1077 -> 388 -> 898
893,1066,False,0,no reachable relay,893,True,2,8.515350559437712,893 -> 417 -> 1066
1077,967,False,50,maximum hops reached,1077 -> 356 -> 783 -> 886 -> 357 -> 889 -> 185 -> 983 -> 222 -> 948 -> 268 -> 959 -> 344 -> 830 -> 634 -> 376 -> 767 -> 560 -> 192 -> 583 -> 834 -> 870 -> 343 -> 1015 -> 373 -> 538 -> 785 -> 788 -> 238 -> 1004 -> 47 -> 1028 -> 435 -> 1026 -> 307 -> 1049 -> 312 -> 940 -> 218 -> 999 -> 37 -> 1087 -> 397 -> 1066 -> 176 -> 1072 -> 140 -> 1056 -> 10 -> 514 -> 541,True,4,20.87067056430992,1077 -> 388 -> 1100 -> 767 -> 967
1079,924,False,50,maximum hops reached,1079 -> 263 -> 1076 -> 208 -> 181 -> 314 -> 397 -> 875 -> 140 -> 1066 -> 10 -> 783 -> 417 -> 634 -> 190 -> 192 -> 402 -> 307 -> 179 -> 343 -> 410 -> 435 -> 6 -> 356 -> 348 -> 176 -> 577 -> 37 -> 383 -> 344 -> 188 -> 599 -> 335 -> 113 -> 642 -> 388 -> 501 -> 1085 -> 71 -> 732 -> 319 -> 613 -> 316 -> 782 -> 538 -> 147 -> 514 -> 586 -> 500 -> 669 -> 529,True,7,52.92474796627066,1079 -> 855 -> 791 -> 449 -> 790 -> 530 -> 529 -> 924
907,1004,False,0,no reachable relay,907,True,3,14.314865404900276,907 -> 312 -> 309 -> 1004
957,1064,False,0,no reachable relay,957,True,2,5.324972243756588,957 -> 613 -> 1064
1033,982,False,50,maximum hops reached,1033 -> 439 -> 778 -> 6 -> 569 -> 348 -> 1011 -> 316 -> 642 -> 319 -> 939 -> 383 -> 813 -> 179 -> 12 -> 402 -> 207 -> 10 -> 45 -> 397 -> 389 -> 140 -> 635 -> 903 -> 410 -> 142 -> 190 -> 318 -> 809 -> 908 -> 353 -> 713 -> 107 -> 715 -> 307 -> 329 -> 577 -> 55 -> 501 -> 479 -> 599 -> 53 -> 905 -> 417 -> 567 -> 188 -> 857 -> 669 -> 546 -> 663 -> 1085,True,7,33.36799573108999,1033 -> 661 -> 499 -> 988 -> 804 -> 1082 -> 329 -> 982
890,1009,False,0,no reachable relay,890,True,5,28.333738519912323,890 -> 567 -> 546 -> 569 -> 590 -> 1009
1044,1008,False,50,maximum hops reached,1044 -> 10 -> 875 -> 140 -> 1085 -> 397 -> 905 -> 417 -> 908 -> 190 -> 493 -> 410 -> 307 -> 402 -> 176 -> 179 -> 356 -> 383 -> 113 -> 6 -> 435 -> 188 -> 599 -> 71 -> 642 -> 147 -> 577 -> 388 -> 348 -> 192 -> 319 -> 343 -> 335 -> 501 -> 371 -> 761 -> 37 -> 782 -> 1022 -> 316 -> 613 -> 329 -> 1017 -> 53 -> 979 -> 334 -> 586 -> 344 -> 669 -> 196 -> 1080,True,2,4.172444726053275,1044 -> 782 -> 1008
927,865,False,0,no reachable relay,927,True,7,44.567938434220345,927 -> 834 -> 830 -> 541 -> 658 -> 861 -> 675 -> 865
1003,1080,False,0,no reachable relay,1003,True,2,6.349951859154659,1003 -> 10 -> 1080
897,1006,True,8,reached destination,897 -> 284 -> 1079 -> 159 -> 1076 -> 208 -> 608 -> 219 -> 1006,True,10,68.87259394952457,897 -> 114 -> 115 -> 913 -> 85 -> 331 -> 127 -> 118 -> 119 -> 334 -> 1006
1069,1104,False,0,no reachable relay,1069,True,2,3.6151598227224824,1069 -> 383 -> 1104
1016,960,False,0,no reachable relay,1016,True,7,41.9271218403018,1016 -> 560 -> 967 -> 538 -> 991 -> 809 -> 810 -> 960
894,923,False,50,maximum hops reached,894 -> 265 -> 334 -> 356 -> 1072 -> 176 -> 1066 -> 307 -> 364 -> 113 -> 344 -> 140 -> 37 -> 417 -> 196 -> 397 -> 314 -> 343 -> 388 -> 435 -> 147 -> 192 -> 71 -> 185 -> 10 -> 258 -> 188 -> 218 -> 371 -> 613 -> 914 -> 190 -> 500 -> 363 -> 529 -> 831 -> 732 -> 174 -> 410 -> 493 -> 402 -> 692 -> 179 -> 951 -> 383 -> 514 -> 557 -> 782 -> 268 -> 501 -> 852,True,5,31.655789520901347,894 -> 735 -> 544 -> 1032 -> 71 -> 923
938,920,False,50,maximum hops reached,938 -> 356 -> 834 -> 176 -> 185 -> 140 -> 344 -> 6 -> 192 -> 889 -> 343 -> 1026 -> 435 -> 999 -> 307 -> 357 -> 397 -> 268 -> 10 -> 218 -> 500 -> 940 -> 37 -> 788 -> 314 -> 529 -> 870 -> 196 -> 514 -> 886 -> 113 -> 767 -> 388 -> 732 -> 47 -> 613 -> 222 -> 538 -> 493 -> 599 -> 376 -> 634 -> 373 -> 983 -> 312 -> 1015 -> 417 -> 783 -> 501 -> 852 -> 642,True,2,12.973168435859119,938 -> 140 -> 920
1012,1077,False,0,no reachable relay,1012,True,2,10.327251809176614,1012 -> 388 -> 1077
1068,1021,False,0,no reachable relay,1068,True,7,42.753440814127956,1068 -> 713 -> 538 -> 967 -> 785 -> 541 -> 658 -> 1021
953,867,False,0,no reachable relay,953,True,9,50.238529701656006,953 -> 435 -> 1015 -> 740 -> 739 -> 738 -> 737 -> 685 -> 684 -> 867
1049,928,False,3,no reachable relay,1049 -> 10 -> 142 -> 355,True,5,30.244174517802268,1049 -> 613 -> 990 -> 809 -> 810 -> 928
1064,1040,False,0,no reachable relay,1064,True,2,10.594282502828301,1064 -> 417 -> 1040
1059,993,False,0,no reachable relay,1059,True,8,47.564649135372,1059 -> 273 -> 985 -> 484 -> 719 -> 651 -> 956 -> 808 -> 993
1075,1040,False,0,no reachable relay,1075,True,2,6.940042199627287,1075 -> 761 -> 1040
863,1088,False,0,no reachable relay,863,True,5,31.97362980477014,863 -> 810 -> 809 -> 991 -> 599 -> 1088
884,889,False,0,no reachable relay,884,True,2,8.047821095300682,884 -> 307 -> 889
1087,932,True,4,reached destination,1087 -> 363 -> 242 -> 300 -> 932,True,5,32.57480347875934,1087 -> 196 -> 994 -> 219 -> 259 -> 932
883,963,True,4,reached destination,883 -> 403 -> 359 -> 21 -> 963,True,5,33.57497666796502,883 -> 474 -> 633 -> 475 -> 768 -> 963
961,901,False,50,maximum hops reached,961 -> 265 -> 334 -> 410 -> 939 -> 190 -> 1011 -> 383 -> 903 -> 179 -> 368 -> 402 -> 335 -> 6 -> 388 -> 319 -> 113 -> 348 -> 371 -> 10 -> 329 -> 188 -> 316 -> 417 -> 53 -> 71 -> 353 -> 147 -> 45 -> 140 -> 55 -> 397 -> 505 -> 176 -> 761 -> 908 -> 307 -> 669 -> 52 -> 586 -> 942 -> 356 -> 663 -> 1017 -> 435 -> 789 -> 713 -> 831 -> 207 -> 782 -> 396,True,5,28.433198341647753,961 -> 542 -> 735 -> 784 -> 789 -> 901
930,1037,False,0,no reachable relay,930,True,6,36.16110471477664,930 -> 356 -> 902 -> 659 -> 820 -> 728 -> 1037
930,924,False,0,no reachable relay,930,True,2,6.749614613969232,930 -> 307 -> 924
1105,925,False,0,no reachable relay,1105,True,2,9.577674193329234,1105 -> 397 -> 925
1023,1000,False,0,no reachable relay,1023,True,2,12.375863610012342,1023 -> 113 -> 1000
1057,1018,False,0,no reachable relay,1057,True,2,6.08162014437421,1057 -> 789 -> 1018
1088,1023,False,0,no reachable relay,1088,True,2,5.672657618934103,1088 -> 344 -> 1023
1109,1036,False,2,no reachable relay,1109 -> 365 -> 541,False,0,inf,1109
968,1098,False,0,no reachable relay,968,True,2,6.068406795554866,968 -> 149 -> 1098
910,937,False,0,no reachable relay,910,True,2,5.773031253171098,910 -> 344 -> 937
897,1045,False,50,maximum hops reached,897 -> 375 -> 1065 -> 252 -> 768 -> 309 -> 344 -> 886 -> 185 -> 983 -> 268 -> 356 -> 357 -> 37 -> 222 -> 343 -> 47 -> 435 -> 373 -> 192 -> 218 -> 834 -> 196 -> 376 -> 307 -> 312 -> 176 -> 602 -> 529 -> 727 -> 500 -> 527 -> 514 -> 852 -> 788 -> 244 -> 767 -> 314 -> 726 -> 493 -> 783 -> 740 -> 538 -> 819 -> 732 -> 530 -> 613 -> 657 -> 948 -> 113 -> 959,True,7,52.96559100041378,897 -> 76 -> 75 -> 5 -> 191 -> 386 -> 373 -> 1045
969,1102,False,50,maximum hops reached,969 -> 47 -> 435 -> 889 -> 343 -> 1026 -> 192 -> 999 -> 307 -> 312 -> 356 -> 783 -> 37 -> 788 -> 196 -> 732 -> 218 -> 140 -> 344 -> 113 -> 185 -> 176 -> 268 -> 397 -> 357 -> 10 -> 514 -> 314 -> 500 -> 940 -> 417 -> 493 -> 599 -> 258 -> 529 -> 1049 -> 388 -> 767 -> 244 -> 613 -> 222 -> 501 -> 852 -> 538 -> 692 -> 834 -> 71 -> 1087 -> 188 -> 740 -> 634,True,3,17.95191700024101,969 -> 309 -> 344 -> 1102
1071,971,False,0,no reachable relay,1071,False,0,inf,1071
886,1002,False,50,maximum hops reached,886 -> 113 -> 6 -> 307 -> 402 -> 192 -> 190 -> 344 -> 397 -> 875 -> 10 -> 1085 -> 140 -> 905 -> 417 -> 908 -> 410 -> 435 -> 179 -> 356 -> 383 -> 343 -> 348 -> 176 -> 319 -> 501 -> 544 -> 188 -> 599 -> 71 -> 642 -> 147 -> 577 -> 388 -> 669 -> 37 -> 782 -> 634 -> 371 -> 761 -> 613 -> 316 -> 732 -> 335 -> 713 -> 500 -> 586 -> 538 -> 663 -> 529 -> 809,True,2,10.185570323508282,886 -> 613 -> 1002
878,1051,False,0,no reachable relay,878,True,2,4.955771003492281,878 -> 344 -> 1051
1103,1003,False,0,no reachable relay,1103,True,2,6.761216716324087,1103 -> 307 -> 1003
1057,1041,False,0,no reachable relay,1057,True,8,49.85497894772301,1057 -> 113 -> 176 -> 181 -> 195 -> 406 -> 409 -> 199 -> 1041
991,939,False,0,no reachable relay,991,True,2,6.527789209505743,991 -> 190 -> 939
944,1065,False,0,no reachable relay,944,True,7,53.614018446990464,944 -> 397 -> 918 -> 344 -> 47 -> 49 -> 48 -> 1065
1089,917,False,0,no reachable relay,1089,True,2,6.005022329867735,1089 -> 343 -> 917
938,868,False,5,no reachable relay,938 -> 316 -> 317 -> 667 -> 318 -> 355,True,5,24.209223952166433,938 -> 663 -> 1068 -> 546 -> 569 -> 868
999,884,False,50,maximum hops reached,999 -> 397 -> 875 -> 140 -> 1066 -> 10 -> 538 -> 417 -> 634 -> 190 -> 192 -> 402 -> 307 -> 6 -> 343 -> 410 -> 435 -> 179 -> 344 -> 188 -> 599 -> 335 -> 113 -> 642 -> 196 -> 383 -> 356 -> 348 -> 176 -> 577 -> 37 -> 501 -> 1085 -> 71 -> 732 -> 319 -> 613 -> 316 -> 782 -> 514 -> 147 -> 788 -> 586 -> 500 -> 669 -> 529 -> 713 -> 767 -> 761 -> 905 -> 388,True,2,7.765650723265136,999 -> 613 -> 884
935,1070,False,0,no reachable relay,935,True,2,6.525324260986842,935 -> 402 -> 1070
952,918,False,0,no reachable relay,952,True,7,45.33380830360406,952 -> 684 -> 685 -> 575 -> 851 -> 852 -> 493 -> 918
1036,901,False,0,no reachable relay,1036,False,0,inf,1036
906,939,False,0,no reachable relay,906,True,2,4.885453109538226,906 -> 586 -> 939
1004,1009,False,9,no reachable relay,1004 -> 266 -> 963 -> 379 -> 954 -> 69 -> 1097 -> 238 -> 969 -> 298,True,9,56.08197533353196,1004 -> 309 -> 312 -> 343 -> 922 -> 809 -> 810 -> 667 -> 518 -> 1009
1050,1052,False,0,no reachable relay,1050,True,2,11.905145757455578,1050 -> 501 -> 1052
1070,975,False,0,no reachable relay,1070,True,2,3.6302584161799025,1070 -> 635 -> 975
939,934,True,2,reached destination,939 -> 335 -> 934,True,2,5.528166338810086,939 -> 789 -> 934
884,1068,False,0,no reachable relay,884,True,2,11.206246224315844,884 -> 809 -> 1068
937,1095,False,0,no reachable relay,937,True,3,14.90363735226208,937 -> 307 -> 417 -> 1095
1084,950,False,0,no reachable relay,1084,True,7,57.31099184874545,1084 -> 311 -> 48 -> 49 -> 47 -> 1089 -> 732 -> 950
955,965,False,0,no reachable relay,955,True,2,11.826428508947693,955 -> 113 -> 965
941,933,False,0,no reachable relay,941,True,2,7.410394527003444,941 -> 446 -> 933
1020,901,False,49,no reachable relay,1020 -> 299 -> 52 -> 410 -> 939 -> 190 -> 1011 -> 383 -> 903 -> 179 -> 334 -> 402 -> 335 -> 6 -> 388 -> 319 -> 113 -> 348 -> 371 -> 10 -> 329 -> 188 -> 316 -> 417 -> 53 -> 71 -> 353 -> 147 -> 45 -> 140 -> 55 -> 397 -> 505 -> 176 -> 761 -> 908 -> 368 -> 586 -> 942 -> 307 -> 669 -> 103 -> 782 -> 396 -> 663 -> 356 -> 789 -> 713 -> 831 -> 207,True,7,30.356424230312946,1020 -> 135 -> 891 -> 625 -> 618 -> 1006 -> 335 -> 901
973,936,False,50,maximum hops reached,973 -> 401 -> 318 -> 179 -> 939 -> 410 -> 1011 -> 383 -> 908 -> 190 -> 903 -> 402 -> 905 -> 6 -> 1017 -> 348 -> 37 -> 10 -> 316 -> 417 -> 45 -> 188 -> 389 -> 397 -> 329 -> 140 -> 53 -> 176 -> 319 -> 307 -> 761 -> 1085 -> 71 -> 207 -> 147 -> 713 -> 335 -> 669 -> 1044 -> 113 -> 55 -> 586 -> 979 -> 388 -> 353 -> 782 -> 142 -> 663 -> 356 -> 809 -> 371,True,5,32.01018584939,973 -> 310 -> 7 -> 281 -> 45 -> 936
887,939,False,0,no reachable relay,887,True,2,10.59216546737838,887 -> 397 -> 939
1054,942,False,0,no reachable relay,1054,True,6,30.111358084125932,1054 -> 259 -> 377 -> 100 -> 103 -> 368 -> 942
1004,898,False,50,maximum hops reached,1004 -> 47 -> 307 -> 1066 -> 435 -> 1026 -> 356 -> 999 -> 343 -> 1072 -> 192 -> 371 -> 37 -> 140 -> 344 -> 113 -> 185 -> 176 -> 538 -> 196 -> 397 -> 218 -> 10 -> 268 -> 417 -> 357 -> 613 -> 940 -> 388 -> 500 -> 334 -> 599 -> 314 -> 402 -> 529 -> 831 -> 732 -> 258 -> 190 -> 514 -> 71 -> 788 -> 188 -> 493 -> 410 -> 767 -> 147 -> 834 -> 782 -> 852 -> 501,True,3,19.5874831560757,1004 -> 309 -> 344 -> 898
936,991,False,0,no reachable relay,936,True,2,5.535333721273586,936 -> 402 -> 991
1075,1044,False,0,no reachable relay,1075,True,2,5.2775164804672565,1075 -> 586 -> 1044
866,962,False,0,no reachable relay,866,True,3,14.043190747597897,866 -> 397 -> 192 -> 962
989,908,False,0,no reachable relay,989,True,2,3.974396511885415,989 -> 586 -> 908
1104,1039,False,0,no reachable relay,1104,True,8,39.65287778103047,1104 -> 761 -> 1018 -> 548 -> 618 -> 625 -> 891 -> 621 -> 1039
1017,1099,False,50,maximum hops reached,1017 -> 140 -> 875 -> 417 -> 1085 -> 10 -> 905 -> 397 -> 1066 -> 113 -> 713 -> 188 -> 192 -> 190 -> 176 -> 410 -> 307 -> 402 -> 356 -> 179 -> 435 -> 71 -> 599 -> 147 -> 577 -> 388 -> 501 -> 371 -> 343 -> 383 -> 37 -> 6 -> 196 -> 782 -> 1022 -> 348 -> 613 -> 319 -> 732 -> 335 -> 642 -> 334 -> 586 -> 344 -> 761 -> 314 -> 634 -> 789 -> 500 -> 669 -> 529,True,2,4.290874789481828,1017 -> 782 -> 1099
969,1098,True,3,reached destination,969 -> 105 -> 16 -> 1098,True,5,32.71935899408609,969 -> 449 -> 791 -> 1076 -> 92 -> 1098
893,1063,False,0,no reachable relay,893,True,2,6.89494164765812,893 -> 402 -> 1063
1092,867,False,28,no reachable relay,1092 -> 297 -> 888 -> 136 -> 630 -> 85 -> 56 -> 895 -> 151 -> 491 -> 109 -> 448 -> 27 -> 1079 -> 197 -> 781 -> 283 -> 128 -> 354 -> 54 -> 390 -> 717 -> 815 -> 407 -> 879 -> 115 -> 200 -> 110 -> 736,True,7,44.6936610736078,1092 -> 174 -> 118 -> 127 -> 331 -> 54 -> 128 -> 867
1065,1010,True,4,reached destination,1065 -> 76 -> 67 -> 290 -> 1010,True,5,43.03963109798415,1065 -> 121 -> 392 -> 148 -> 122 -> 1010
915,1033,False,0,no reachable relay,915,True,6,36.12211821895504,915 -> 176 -> 996 -> 369 -> 265 -> 102 -> 1033
1004,908,True,3,reached destination,1004 -> 47 -> 176 -> 908,True,5,26.204056982257114,1004 -> 309 -> 312 -> 959 -> 176 -> 908
1059,1053,False,0,no reachable relay,1059,True,8,35.733322322625284,1059 -> 558 -> 760 -> 499 -> 988 -> 804 -> 1082 -> 505 -> 1053
1029,943,False,0,no reachable relay,1029,True,2,3.755272564051308,1029 -> 179 -> 943
1065,877,True,6,reached destination,1065 -> 15 -> 1076 -> 208 -> 164 -> 196 -> 877,True,6,49.50020705607157,1065 -> 48 -> 49 -> 47 -> 959 -> 37 -> 877
969,955,False,50,maximum hops reached,969 -> 47 -> 343 -> 889 -> 192 -> 1026 -> 435 -> 940 -> 344 -> 190 -> 356 -> 357 -> 307 -> 268 -> 176 -> 185 -> 113 -> 514 -> 196 -> 732 -> 218 -> 140 -> 788 -> 37 -> 767 -> 314 -> 529 -> 999 -> 397 -> 493 -> 538 -> 852 -> 613 -> 222 -> 500 -> 870 -> 376 -> 599 -> 373 -> 634 -> 740 -> 834 -> 417 -> 783 -> 10 -> 1049 -> 388 -> 1015 -> 312 -> 886 -> 258,True,3,17.603991734808734,969 -> 309 -> 344 -> 955
1040,1066,True,2,reached destination,1040 -> 113 -> 1066,True,2,6.660356373830989,1040 -> 147 -> 1066
1076,982,False,1,no reachable relay,1076 -> 208,True,7,49.01410743502507,1076 -> 791 -> 449 -> 790 -> 530 -> 529 -> 501 -> 982
954,1074,True,6,reached destination,954 -> 47 -> 1087 -> 371 -> 29 -> 262 -> 1074,True,8,51.01408751424422,954 -> 309 -> 312 -> 959 -> 176 -> 996 -> 561 -> 735 -> 1074
868,1039,False,0,no reachable relay,868,True,7,49.235872113664584,868 -> 485 -> 719 -> 484 -> 985 -> 679 -> 552 -> 1039
994,957,False,50,maximum hops reached,994 -> 307 -> 335 -> 140 -> 218 -> 113 -> 634 -> 176 -> 577 -> 388 -> 435 -> 188 -> 343 -> 71 -> 192 -> 147 -> 344 -> 397 -> 37 -> 417 -> 185 -> 10 -> 196 -> 190 -> 356 -> 410 -> 314 -> 402 -> 174 -> 179 -> 613 -> 1066 -> 383 -> 732 -> 371 -> 501 -> 258 -> 782 -> 268 -> 599 -> 334 -> 500 -> 586 -> 529 -> 761 -> 514 -> 831 -> 642 -> 692 -> 1072 -> 6,True,2,8.208169450786821,994 -> 113 -> 957
1093,908,False,0,no reachable relay,1093,True,4,24.80523555570783,1093 -> 317 -> 316 -> 319 -> 908
951,977,False,50,maximum hops reached,951 -> 10 -> 875 -> 397 -> 1085 -> 140 -> 905 -> 417 -> 908 -> 190 -> 192 -> 402 -> 307 -> 410 -> 435 -> 179 -> 356 -> 6 -> 113 -> 642 -> 71 -> 599 -> 188 -> 634 -> 383 -> 176 -> 348 -> 343 -> 319 -> 501 -> 335 -> 577 -> 147 -> 538 -> 388 -> 669 -> 37 -> 782 -> 1022 -> 316 -> 613 -> 329 -> 939 -> 371 -> 761 -> 344 -> 586 -> 732 -> 663 -> 500 -> 713,True,2,5.906312919358584,951 -> 140 -> 977
998,1045,False,0,no reachable relay,998,True,2,9.647206671399264,998 -> 500 -> 1045
1012,972,False,0,no reachable relay,1012,True,2,4.274713530711233,1012 -> 140 -> 972
1077,876,False,50,maximum hops reached,1077 -> 356 -> 357 -> 307 -> 268 -> 176 -> 185 -> 113 -> 344 -> 188 -> 343 -> 889 -> 435 -> 1026 -> 192 -> 999 -> 37 -> 788 -> 196 -> 732 -> 218 -> 140 -> 493 -> 599 -> 314 -> 529 -> 940 -> 397 -> 834 -> 417 -> 514 -> 258 -> 500 -> 870 -> 222 -> 613 -> 47 -> 538 -> 852 -> 10 -> 767 -> 388 -> 1015 -> 376 -> 634 -> 740 -> 501 -> 1049 -> 373 -> 886 -> 312,True,4,14.113756324926143,1077 -> 388 -> 871 -> 356 -> 876
949,1008,False,0,no reachable relay,949,True,2,6.4307393058916436,949 -> 140 -> 1008
1092,945,True,3,reached destination,1092 -> 377 -> 439 -> 945,True,3,26.387184353214295,1092 -> 100 -> 102 -> 945
1050,920,False,0,no reachable relay,1050,True,2,11.454972936240594,1050 -> 501 -> 920
913,1012,False,0,no reachable relay,913,True,9,48.64635889155229,913 -> 684 -> 685 -> 737 -> 738 -> 739 -> 740 -> 1087 -> 356 -> 1012
1016,896,False,0,no reachable relay,1016,True,5,19.126150085135478,1016 -> 560 -> 830 -> 783 -> 788 -> 896
891,1020,True,2,reached destination,891 -> 288 -> 1020,True,2,4.210397916571288,891 -> 135 -> 1020
1053,882,False,0,no reachable relay,1053,True,2,7.679906648017401,1053 -> 402 -> 882
1043,1001,False,6,no reachable relay,1043 -> 146 -> 346 -> 59 -> 330 -> 355 -> 150,True,8,39.54381788773404,1043 -> 13 -> 985 -> 484 -> 719 -> 651 -> 974 -> 59 -> 1001
989,1062,False,0,no reachable relay,989,True,2,4.028959985580458,989 -> 761 -> 1062
900,882,False,0,no reachable relay,900,True,2,4.65269494196693,900 -> 190 -> 882
1016,879,False,0,no reachable relay,1016,True,10,52.08413842730917,1016 -> 541 -> 658 -> 861 -> 320 -> 1030 -> 261 -> 226 -> 1083 -> 311 -> 879
981,1090,False,0,no reachable relay,981,True,7,32.55334958698276,981 -> 789 -> 1060 -> 804 -> 988 -> 499 -> 661 -> 1090
1103,894,False,0,no reachable relay,1103,True,5,34.9435797867543,1103 -> 113 -> 1032 -> 544 -> 735 -> 894
1054,902,False,0,no reachable relay,1054,True,4,26.32083102627969,1054 -> 728 -> 820 -> 659 -> 902
1051,1049,False,0,no reachable relay,1051,True,2,6.286011045414192,1051 -> 344 -> 1049
994,997,False,3,no reachable relay,994 -> 119 -> 888 -> 136,True,8,58.55819180934694,994 -> 174 -> 118 -> 127 -> 331 -> 85 -> 354 -> 82 -> 997
943,1085,False,0,no reachable relay,943,True,2,4.120268073580346,943 -> 586 -> 1085
1080,975,False,50,maximum hops reached,1080 -> 6 -> 569 -> 348 -> 1011 -> 316 -> 577 -> 45 -> 397 -> 207 -> 402 -> 142 -> 319 -> 939 -> 383 -> 813 -> 179 -> 12 -> 410 -> 318 -> 190 -> 567 -> 10 -> 389 -> 140 -> 635 -> 903 -> 353 -> 713 -> 107 -> 809 -> 908 -> 329 -> 642 -> 55 -> 501 -> 715 -> 307 -> 669 -> 857 -> 417 -> 479 -> 599 -> 53 -> 905 -> 188 -> 1085 -> 71 -> 1017 -> 147 -> 1044,True,2,7.882952972534372,1080 -> 669 -> 975
983,1032,True,2,reached destination,983 -> 113 -> 1032,True,3,13.28502988560589,983 -> 176 -> 113 -> 1032
1070,936,False,0,no reachable relay,1070,True,2,4.687004798531989,1070 -> 669 -> 936
1097,1059,False,50,maximum hops reached,1097 -> 181 -> 286 -> 90 -> 65 -> 243 -> 430 -> 302 -> 271 -> 324 -> 414 -> 300 -> 125 -> 288 -> 1020 -> 66 -> 932 -> 423 -> 891 -> 135 -> 508 -> 40 -> 131 -> 273 -> 750 -> 280 -> 818 -> 1090 -> 137 -> 172 -> 707 -> 349 -> 299 -> 621 -> 259 -> 673 -> 203 -> 551 -> 801 -> 138 -> 558 -> 328 -> 674 -> 279 -> 463 -> 728 -> 296 -> 796 -> 552 -> 655 -> 441,True,5,41.43085407424822,1097 -> 21 -> 419 -> 132 -> 271 -> 1059
1102,941,False,0,no reachable relay,1102,True,5,29.131482256736092,1102 -> 501 -> 991 -> 809 -> 810 -> 941
938,1063,False,50,maximum hops reached,938 -> 397 -> 875 -> 140 -> 1066 -> 10 -> 783 -> 417 -> 634 -> 190 -> 192 -> 402 -> 307 -> 179 -> 343 -> 410 -> 435 -> 6 -> 356 -> 348 -> 176 -> 577 -> 37 -> 383 -> 344 -> 188 -> 599 -> 335 -> 113 -> 642 -> 388 -> 501 -> 1085 -> 71 -> 732 -> 319 -> 613 -> 316 -> 782 -> 538 -> 147 -> 514 -> 586 -> 500 -> 669 -> 529 -> 761 -> 788 -> 713 -> 834 -> 1026,True,2,8.826724728821297,938 -> 782 -> 1063
979,1074,True,3,reached destination,979 -> 55 -> 249 -> 1074,True,4,26.08864671521696,979 -> 789 -> 784 -> 735 -> 1074
1014,875,False,0,no reachable relay,1014,True,2,5.743478685218438,1014 -> 586 -> 875
885,943,False,5,no reachable relay,885 -> 61 -> 1065 -> 252 -> 1076 -> 208,True,9,64.79334815182723,885 -> 76 -> 75 -> 5 -> 227 -> 222 -> 185 -> 192 -> 397 -> 943
1092,906,False,50,maximum hops reached,1092 -> 10 -> 875 -> 397 -> 1085 -> 140 -> 905 -> 417 -> 908 -> 190 -> 344 -> 402 -> 307 -> 410 -> 192 -> 179 -> 356 -> 6 -> 113 -> 348 -> 176 -> 383 -> 435 -> 319 -> 343 -> 188 -> 599 -> 71 -> 642 -> 147 -> 577 -> 388 -> 501 -> 335 -> 669 -> 37 -> 782 -> 939 -> 316 -> 613 -> 329 -> 1017 -> 371 -> 761 -> 732 -> 586 -> 634 -> 663 -> 500 -> 713 -> 1022,True,2,9.97737256880065,1092 -> 388 -> 906
1021,1026,False,0,no reachable relay,1021,True,6,32.668300528995886,1021 -> 658 -> 541 -> 830 -> 869 -> 344 -> 1026
1030,1056,True,4,reached destination,1030 -> 351 -> 238 -> 344 -> 1056,True,7,43.32245305033257,1030 -> 372 -> 2 -> 69 -> 376 -> 1005 -> 37 -> 1056
920,890,False,0,no reachable relay,920,True,2,12.81662884155038,920 -> 642 -> 890
865,929,False,50,maximum hops reached,865 -> 304 -> 1109 -> 365 -> 238 -> 344 -> 140 -> 185 -> 176 -> 357 -> 307 -> 222 -> 343 -> 889 -> 192 -> 1026 -> 435 -> 999 -> 356 -> 834 -> 37 -> 788 -> 196 -> 732 -> 218 -> 397 -> 268 -> 113 -> 514 -> 314 -> 529 -> 940 -> 10 -> 493 -> 599 -> 47 -> 500 -> 870 -> 388 -> 767 -> 258 -> 613 -> 376 -> 538 -> 852 -> 634 -> 740 -> 501 -> 1049 -> 417 -> 783,True,7,42.74133292820267,865 -> 675 -> 861 -> 658 -> 541 -> 830 -> 834 -> 929
861,1090,False,0,no reachable relay,861,True,9,65.71389551695509,861 -> 658 -> 541 -> 830 -> 869 -> 37 -> 994 -> 219 -> 259 -> 1090
1011,921,False,50,maximum hops reached,1011 -> 397 -> 875 -> 10 -> 1085 -> 140 -> 905 -> 417 -> 908 -> 190 -> 192 -> 402 -> 307 -> 410 -> 356 -> 179 -> 435 -> 6 -> 176 -> 383 -> 343 -> 188 -> 599 -> 71 -> 642 -> 113 -> 713 -> 388 -> 501 -> 1066 -> 147 -> 577 -> 371 -> 613 -> 348 -> 37 -> 782 -> 634 -> 586 -> 344 -> 761 -> 732 -> 319 -> 500 -> 335 -> 1022 -> 196 -> 669 -> 529 -> 809 -> 1017,True,2,6.043636076582752,1011 -> 586 -> 921
999,924,False,50,maximum hops reached,999 -> 397 -> 875 -> 140 -> 1066 -> 10 -> 783 -> 417 -> 634 -> 190 -> 192 -> 402 -> 307 -> 179 -> 343 -> 410 -> 435 -> 6 -> 356 -> 348 -> 176 -> 577 -> 37 -> 383 -> 344 -> 188 -> 599 -> 335 -> 113 -> 642 -> 388 -> 501 -> 1085 -> 71 -> 732 -> 319 -> 613 -> 316 -> 782 -> 538 -> 147 -> 514 -> 586 -> 500 -> 669 -> 529 -> 761 -> 788 -> 713 -> 834 -> 1026,True,2,7.758567331890614,999 -> 613 -> 924
955,961,False,0,no reachable relay,955,True,6,37.289265733656364,955 -> 176 -> 996 -> 369 -> 265 -> 102 -> 961
910,977,False,0,no reachable relay,910,True,2,8.743185576960524,910 -> 732 -> 977
1061,1087,False,0,no reachable relay,1061,True,2,7.64553820799831,1061 -> 344 -> 1087
970,1074,False,0,no reachable relay,970,True,5,32.73150425263455,970 -> 782 -> 789 -> 784 -> 735 -> 1074
1089,915,False,0,no reachable relay,1089,True,2,5.401271375981074,1089 -> 344 -> 915
941,959,False,0,no reachable relay,941,True,5,31.834433668277114,941 -> 810 -> 809 -> 990 -> 307 -> 959
964,861,False,0,no reachable relay,964,True,5,38.14495461265893,964 -> 742 -> 743 -> 550 -> 675 -> 861
1043,1018,True,3,reached destination,1043 -> 265 -> 334 -> 1018,True,4,24.802970418027023,1043 -> 102 -> 265 -> 369 -> 1018
1081,1087,False,0,no reachable relay,1081,True,2,6.274810135463502,1081 -> 344 -> 1087
884,1090,False,0,no reachable relay,884,True,6,34.24301266348888,884 -> 782 -> 1000 -> 561 -> 499 -> 661 -> 1090
1003,959,False,0,no reachable relay,1003,True,2,9.076360287942496,1003 -> 435 -> 959
1058,986,False,0,no reachable relay,1058,True,2,5.531086150165399,1058 -> 185 -> 986
1107,1085,False,0,no reachable relay,1107,True,2,3.78051859931917,1107 -> 782 -> 1085
1090,1089,False,50,maximum hops reached,1090 -> 265 -> 334 -> 343 -> 222 -> 192 -> 47 -> 435 -> 376 -> 307 -> 268 -> 140 -> 344 -> 886 -> 185 -> 983 -> 357 -> 356 -> 373 -> 176 -> 312 -> 834 -> 218 -> 767 -> 258 -> 529 -> 309 -> 37 -> 783 -> 196 -> 514 -> 602 -> 500 -> 726 -> 788 -> 852 -> 538 -> 493 -> 830 -> 613 -> 530 -> 732 -> 727 -> 599 -> 740 -> 634 -> 889 -> 314 -> 948 -> 113 -> 527,True,5,37.50659477918904,1090 -> 259 -> 219 -> 994 -> 37 -> 1089
890,1088,False,0,no reachable relay,890,True,3,14.884514673336572,890 -> 577 -> 599 -> 1088
955,912,False,0,no reachable relay,955,True,2,7.860966346318624,955 -> 356 -> 912
1020,962,False,50,maximum hops reached,1020 -> 299 -> 364 -> 307 -> 357 -> 397 -> 185 -> 889 -> 344 -> 541 -> 268 -> 538 -> 222 -> 192 -> 376 -> 343 -> 830 -> 435 -> 783 -> 356 -> 834 -> 886 -> 218 -> 767 -> 47 -> 788 -> 373 -> 514 -> 312 -> 529 -> 726 -> 176 -> 983 -> 37 -> 948 -> 196 -> 959 -> 140 -> 870 -> 113 -> 1015 -> 314 -> 500 -> 560 -> 732 -> 771 -> 493 -> 1028 -> 258 -> 1026 -> 10,True,6,38.004478293256035,1020 -> 728 -> 820 -> 659 -> 1025 -> 493 -> 962
864,949,False,0,no reachable relay,864,True,3,14.171301417304928,864 -> 783 -> 834 -> 949
1023,1058,False,0,no reachable relay,1023,True,2,4.416339237845455,1023 -> 344 -> 1058
1020,1038,False,25,no reachable relay,1020 -> 66 -> 932 -> 288 -> 891 -> 430 -> 1090 -> 423 -> 1033 -> 65 -> 796 -> 40 -> 414 -> 300 -> 125 -> 135 -> 508 -> 137 -> 349 -> 271 -> 324 -> 90 -> 172 -> 131 -> 273 -> 750,True,2,4.205226509650189,1020 -> 288 -> 1038
1074,1107,False,50,maximum hops reached,1074 -> 225 -> 319 -> 113 -> 383 -> 388 -> 179 -> 174 -> 190 -> 939 -> 410 -> 908 -> 417 -> 353 -> 188 -> 857 -> 10 -> 544 -> 402 -> 371 -> 140 -> 329 -> 71 -> 713 -> 147 -> 809 -> 335 -> 397 -> 53 -> 176 -> 6 -> 196 -> 586 -> 905 -> 348 -> 356 -> 761 -> 314 -> 782 -> 1085 -> 307 -> 316 -> 613 -> 669 -> 1017 -> 334 -> 663 -> 435 -> 789 -> 192 -> 831,True,5,26.556579202770266,1074 -> 594 -> 762 -> 646 -> 761 -> 1107
1047,885,False,0,no reachable relay,1047,True,8,58.52370306649199,1047 -> 514 -> 962 -> 222 -> 227 -> 5 -> 75 -> 76 -> 885
872,987,False,50,maximum hops reached,872 -> 435 -> 47 -> 37 -> 357 -> 356 -> 268 -> 196 -> 185 -> 314 -> 344 -> 886 -> 218 -> 192 -> 312 -> 343 -> 373 -> 307 -> 222 -> 176 -> 376 -> 258 -> 529 -> 309 -> 493 -> 783 -> 852 -> 834 -> 244 -> 500 -> 740 -> 514 -> 297 -> 613 -> 602 -> 113 -> 727 -> 140 -> 959 -> 174 -> 788 -> 527 -> 767 -> 692 -> 726 -> 732 -> 819 -> 538 -> 983 -> 530 -> 948,True,2,12.619286743159414,872 -> 176 -> 987
1105,862,False,0,no reachable relay,1105,True,2,7.69627128026818,1105 -> 397 -> 862
1030,928,False,6,no reachable relay,1030 -> 270 -> 1109 -> 338 -> 483 -> 650 -> 355,True,8,50.41768106420536,1030 -> 677 -> 675 -> 550 -> 743 -> 742 -> 1108 -> 698 -> 928
887,967,False,0,no reachable relay,887,True,2,6.731257974011845,887 -> 767 -> 967
1032,1109,True,6,reached destination,1032 -> 307 -> 886 -> 222 -> 379 -> 2 -> 1109,True,9,46.90856619803933,1032 -> 782 -> 732 -> 788 -> 783 -> 830 -> 541 -> 658 -> 755 -> 1109
1003,967,False,0,no reachable relay,1003,True,2,10.682837587768603,1003 -> 538 -> 967
942,989,False,47,no reachable relay,942 -> 410 -> 939 -> 190 -> 1011 -> 383 -> 903 -> 179 -> 334 -> 402 -> 335 -> 6 -> 388 -> 319 -> 113 -> 348 -> 371 -> 10 -> 329 -> 188 -> 316 -> 417 -> 53 -> 71 -> 353 -> 147 -> 45 -> 140 -> 55 -> 397 -> 505 -> 176 -> 761 -> 908 -> 368 -> 586 -> 1017 -> 307 -> 669 -> 52 -> 782 -> 396 -> 663 -> 356 -> 789 -> 713 -> 831 -> 207,True,2,4.401486216065413,942 -> 586 -> 989
945,888,True,4,reached destination,945 -> 203 -> 100 -> 314 -> 888,True,5,32.88147411665197,945 -> 102 -> 377 -> 364 -> 363 -> 888
1020,932,True,2,reached destination,1020 -> 300 -> 932,True,2,4.4705872347956195,1020 -> 300 -> 932
938,1042,False,50,maximum hops reached,938 -> 356 -> 357 -> 538 -> 268 -> 634 -> 185 -> 889 -> 344 -> 886 -> 192 -> 222 -> 343 -> 830 -> 435 -> 783 -> 307 -> 376 -> 767 -> 983 -> 373 -> 788 -> 309 -> 834 -> 948 -> 218 -> 514 -> 726 -> 529 -> 560 -> 500 -> 583 -> 732 -> 771 -> 1097 -> 47 -> 599 -> 602 -> 870 -> 37 -> 959 -> 312 -> 1015 -> 176 -> 1028 -> 196 -> 1026 -> 397 -> 940 -> 140 -> 1049,True,3,16.004259668611756,938 -> 188 -> 307 -> 1042
1071,944,False,0,no reachable relay,1071,True,3,13.525882281691398,1071 -> 192 -> 397 -> 944
900,1102,False,0,no reachable relay,900,True,2,10.390390245523552,900 -> 140 -> 1102
1046,882,False,50,maximum hops reached,1046 -> 10 -> 875 -> 397 -> 1085 -> 140 -> 905 -> 417 -> 908 -> 190 -> 192 -> 402 -> 307 -> 410 -> 435 -> 179 -> 356 -> 6 -> 113 -> 45 -> 188 -> 599 -> 71 -> 642 -> 147 -> 577 -> 388 -> 501 -> 335 -> 343 -> 383 -> 176 -> 348 -> 37 -> 782 -> 939 -> 319 -> 613 -> 316 -> 732 -> 586 -> 344 -> 761 -> 634 -> 371 -> 669 -> 196 -> 1022 -> 329 -> 1017 -> 53,True,2,5.414422312966134,1046 -> 782 -> 882
1036,1019,False,0,no reachable relay,1036,False,0,inf,1036
1065,925,False,3,no reachable relay,1065 -> 252 -> 1076 -> 208,True,7,55.23535958753484,1065 -> 48 -> 49 -> 47 -> 344 -> 918 -> 397 -> 925
998,928,False,0,no reachable relay,998,True,3,21.42990337923562,998 -> 809 -> 810 -> 928
1019,1059,False,0,no reachable relay,1019,True,8,34.26735058723362,1019 -> 782 -> 1040 -> 548 -> 618 -> 625 -> 891 -> 135 -> 1059
921,1026,False,0,no reachable relay,921,True,2,8.023911523072673,921 -> 613 -> 1026
1064,980,False,0,no reachable relay,1064,True,2,11.171878475510393,1064 -> 176 -> 980
955,1048,False,0,no reachable relay,955,True,2,5.382122425790446,955 -> 732 -> 1048
1084,1101,False,0,no reachable relay,1084,True,7,60.478985731764894,1084 -> 197 -> 111 -> 208 -> 181 -> 176 -> 140 -> 1101
974,1088,False,0,no reachable relay,974,True,6,32.72096854989593,974 -> 317 -> 318 -> 1068 -> 713 -> 634 -> 1088
945,909,False,50,maximum hops reached,945 -> 163 -> 1090 -> 430 -> 1020 -> 125 -> 712 -> 128 -> 149 -> 781 -> 283 -> 375 -> 354 -> 61 -> 390 -> 48 -> 115 -> 89 -> 284 -> 27 -> 8 -> 151 -> 282 -> 403 -> 110 -> 92 -> 197 -> 347 -> 109 -> 121 -> 56 -> 311 -> 780 -> 798 -> 407 -> 82 -> 855 -> 198 -> 474 -> 114 -> 799 -> 183 -> 465 -> 776 -> 574 -> 711 -> 572 -> 639 -> 807 -> 895 -> 293,True,9,54.26599864559643,945 -> 679 -> 932 -> 707 -> 648 -> 712 -> 447 -> 448 -> 799 -> 909
977,889,False,0,no reachable relay,977,True,2,8.997339824245051,977 -> 613 -> 889
1064,1062,False,0,no reachable relay,1064,True,2,9.219715047420037,1064 -> 501 -> 1062
988,1075,False,50,maximum hops reached,988 -> 369 -> 6 -> 1011 -> 383 -> 939 -> 348 -> 903 -> 179 -> 908 -> 410 -> 905 -> 402 -> 1017 -> 319 -> 1085 -> 190 -> 142 -> 10 -> 316 -> 397 -> 329 -> 140 -> 45 -> 417 -> 389 -> 188 -> 207 -> 71 -> 713 -> 335 -> 669 -> 1044 -> 147 -> 635 -> 113 -> 55 -> 586 -> 12 -> 761 -> 942 -> 53 -> 809 -> 388 -> 353 -> 782 -> 281 -> 663 -> 979 -> 307 -> 715,True,4,19.398430270133893,988 -> 804 -> 1082 -> 505 -> 1075
905,880,False,50,maximum hops reached,905 -> 192 -> 830 -> 344 -> 889 -> 185 -> 634 -> 357 -> 397 -> 268 -> 538 -> 222 -> 343 -> 560 -> 435 -> 783 -> 307 -> 726 -> 356 -> 834 -> 886 -> 376 -> 767 -> 983 -> 37 -> 788 -> 227 -> 493 -> 948 -> 218 -> 514 -> 583 -> 529 -> 771 -> 500 -> 753 -> 1097 -> 373 -> 732 -> 870 -> 47 -> 599 -> 602 -> 959 -> 176 -> 1015 -> 312 -> 613 -> 1026 -> 140 -> 1028,True,2,11.740444197335329,905 -> 613 -> 880
864,896,False,0,no reachable relay,864,True,3,14.546249146049442,864 -> 783 -> 788 -> 896
951,1056,True,2,reached destination,951 -> 176 -> 1056,True,2,4.30871482555294,951 -> 176 -> 1056
981,946,False,0,no reachable relay,981,True,2,7.794481575183402,981 -> 782 -> 946
1074,975,False,50,maximum hops reached,1074 -> 225 -> 316 -> 577 -> 45 -> 397 -> 207 -> 402 -> 142 -> 6 -> 569 -> 348 -> 1011 -> 319 -> 939 -> 383 -> 813 -> 179 -> 12 -> 410 -> 318 -> 190 -> 567 -> 10 -> 389 -> 140 -> 635 -> 903 -> 353 -> 713 -> 107 -> 809 -> 908 -> 329 -> 642 -> 55 -> 501 -> 715 -> 307 -> 669 -> 857 -> 417 -> 479 -> 599 -> 53 -> 905 -> 188 -> 1085 -> 71 -> 1017 -> 147,True,6,27.320958261074452,1074 -> 579 -> 536 -> 774 -> 476 -> 479 -> 975
994,1088,False,50,maximum hops reached,994 -> 343 -> 830 -> 344 -> 889 -> 185 -> 886 -> 357 -> 538 -> 268 -> 634 -> 222 -> 192 -> 560 -> 435 -> 783 -> 307 -> 376 -> 767 -> 983 -> 356 -> 834 -> 948 -> 373 -> 788 -> 309 -> 514 -> 726 -> 529 -> 771 -> 500 -> 583 -> 732 -> 657 -> 613 -> 870 -> 218 -> 959 -> 47 -> 599 -> 602 -> 1015 -> 37 -> 1028 -> 312 -> 1026 -> 176 -> 940 -> 196 -> 1049 -> 397,True,3,14.636869539784918,994 -> 692 -> 493 -> 1088
1037,900,False,0,no reachable relay,1037,True,7,33.729611518886756,1037 -> 818 -> 891 -> 625 -> 618 -> 1006 -> 335 -> 900
1083,865,True,2,reached destination,1083 -> 250 -> 865,True,3,17.453656115254407,1083 -> 697 -> 700 -> 865
905,1035,False,50,maximum hops reached,905 -> 192 -> 222 -> 343 -> 830 -> 344 -> 889 -> 185 -> 634 -> 357 -> 397 -> 268 -> 732 -> 376 -> 435 -> 783 -> 307 -> 373 -> 356 -> 834 -> 886 -> 37 -> 767 -> 983 -> 218 -> 788 -> 47 -> 514 -> 309 -> 529 -> 726 -> 176 -> 948 -> 196 -> 538 -> 312 -> 500 -> 560 -> 613 -> 870 -> 140 -> 959 -> 113 -> 1015 -> 417 -> 1026 -> 10 -> 940 -> 314 -> 1028 -> 258,True,2,11.44670452995182,905 -> 613 -> 1035
884,1102,False,0,no reachable relay,884,True,2,6.477376721489078,884 -> 307 -> 1102
1034,945,True,2,reached destination,1034 -> 13 -> 945,True,2,5.1401698370016415,1034 -> 13 -> 945
1016,889,False,0,no reachable relay,1016,True,4,18.12190814581451,1016 -> 560 -> 830 -> 834 -> 889
1081,980,False,0,no reachable relay,1081,True,3,12.716346261628889,1081 -> 37 -> 196 -> 980
1105,971,False,0,no reachable relay,1105,False,0,inf,1105
957,863,False,0,no reachable relay,957,True,3,26.885954284972975,957 -> 179 -> 178 -> 863
925,989,False,0,no reachable relay,925,True,2,3.944852453142371,925 -> 761 -> 989
1011,1068,False,3,no reachable relay,1011 -> 207 -> 903 -> 389,True,2,9.860343748048487,1011 -> 319 -> 1068
933,1106,False,0,no reachable relay,933,True,5,32.866362373610954,933 -> 687 -> 468 -> 703 -> 778 -> 1106
1080,1058,False,50,maximum hops reached,1080 -> 343 -> 47 -> 435 -> 222 -> 37 -> 357 -> 356 -> 268 -> 176 -> 185 -> 314 -> 344 -> 886 -> 218 -> 834 -> 196 -> 373 -> 192 -> 312 -> 307 -> 376 -> 258 -> 602 -> 113 -> 852 -> 514 -> 244 -> 529 -> 309 -> 493 -> 783 -> 727 -> 500 -> 527 -> 788 -> 740 -> 767 -> 530 -> 732 -> 726 -> 613 -> 657 -> 538 -> 819 -> 983 -> 297 -> 948 -> 174 -> 959 -> 140,True,2,12.522284602461667,1080 -> 613 -> 1058
1020,918,False,50,maximum hops reached,1020 -> 299 -> 52 -> 307 -> 1026 -> 192 -> 889 -> 343 -> 1066 -> 435 -> 999 -> 356 -> 940 -> 176 -> 538 -> 113 -> 344 -> 140 -> 185 -> 397 -> 268 -> 10 -> 357 -> 417 -> 514 -> 188 -> 500 -> 1072 -> 37 -> 599 -> 196 -> 732 -> 1087 -> 71 -> 529 -> 914 -> 190 -> 788 -> 388 -> 634 -> 218 -> 613 -> 1049 -> 314 -> 501 -> 222 -> 1015 -> 258 -> 767 -> 147 -> 834,True,6,34.363817307847704,1020 -> 728 -> 820 -> 659 -> 926 -> 176 -> 918
1095,989,False,0,no reachable relay,1095,True,2,3.564999188121878,1095 -> 761 -> 989
878,915,False,0,no reachable relay,878,True,2,4.530748111618019,878 -> 343 -> 915
1074,967,False,50,maximum hops reached,1074 -> 225 -> 319 -> 192 -> 830 -> 634 -> 222 -> 886 -> 357 -> 889 -> 185 -> 983 -> 268 -> 948 -> 344 -> 560 -> 343 -> 583 -> 834 -> 959 -> 376 -> 767 -> 785 -> 788 -> 238 -> 783 -> 870 -> 373 -> 538 -> 541 -> 514 -> 1015 -> 435 -> 1028 -> 47 -> 1026 -> 307 -> 1049 -> 312 -> 940 -> 218 -> 999 -> 356 -> 1087 -> 37 -> 1066 -> 397 -> 1072 -> 176 -> 1056 -> 140,True,7,40.38464900545266,1074 -> 594 -> 762 -> 646 -> 761 -> 922 -> 538 -> 967
942,1031,True,2,reached destination,942 -> 335 -> 1031,True,2,8.729419658690928,942 -> 789 -> 1031
1003,1062,False,0,no reachable relay,1003,True,2,6.606964988066736,1003 -> 402 -> 1062
937,1097,False,0,no reachable relay,937,True,3,13.795708325007624,937 -> 312 -> 309 -> 1097
1092,1038,False,26,no reachable relay,1092 -> 34 -> 423 -> 1020 -> 66 -> 932 -> 288 -> 891 -> 430 -> 1090 -> 65 -> 796 -> 40 -> 414 -> 300 -> 125 -> 135 -> 508 -> 137 -> 349 -> 271 -> 324 -> 90 -> 172 -> 131 -> 273 -> 750,True,4,25.079810013692715,1092 -> 659 -> 820 -> 728 -> 1038
1083,1090,False,13,no reachable relay,1083 -> 354 -> 895 -> 56 -> 879 -> 151 -> 1079 -> 109 -> 883 -> 27 -> 1098 -> 407 -> 1076 -> 231,True,10,53.742589128927904,1083 -> 474 -> 855 -> 1078 -> 849 -> 848 -> 672 -> 673 -> 621 -> 674 -> 1090
965,894,True,3,reached destination,965 -> 369 -> 439 -> 894,True,3,23.437077963813515,965 -> 544 -> 735 -> 894
958,1030,False,0,no reachable relay,958,True,7,41.467129933941706,958 -> 767 -> 777 -> 775 -> 459 -> 640 -> 645 -> 1030
1027,1008,False,50,maximum hops reached,1027 -> 89 -> 1076 -> 208 -> 607 -> 37 -> 10 -> 875 -> 140 -> 1085 -> 397 -> 905 -> 417 -> 908 -> 190 -> 493 -> 410 -> 307 -> 402 -> 176 -> 179 -> 356 -> 383 -> 113 -> 6 -> 435 -> 188 -> 599 -> 71 -> 642 -> 147 -> 577 -> 388 -> 348 -> 192 -> 319 -> 343 -> 335 -> 501 -> 371 -> 761 -> 344 -> 782 -> 1022 -> 316 -> 613 -> 329 -> 1017 -> 53 -> 1044 -> 334,True,7,57.216468957535945,1027 -> 311 -> 48 -> 49 -> 47 -> 1055 -> 613 -> 1008
1103,875,False,0,no reachable relay,1103,True,2,8.241850120161953,1103 -> 613 -> 875
996,1051,False,50,maximum hops reached,996 -> 307 -> 357 -> 140 -> 185 -> 886 -> 344 -> 785 -> 268 -> 538 -> 222 -> 192 -> 376 -> 343 -> 373 -> 435 -> 783 -> 218 -> 834 -> 889 -> 47 -> 767 -> 312 -> 788 -> 309 -> 514 -> 602 -> 529 -> 830 -> 356 -> 726 -> 176 -> 983 -> 37 -> 771 -> 500 -> 560 -> 732 -> 657 -> 613 -> 948 -> 196 -> 959 -> 113 -> 870 -> 314 -> 1015 -> 397 -> 1049 -> 10 -> 1026,True,4,15.611107145438616,996 -> 388 -> 995 -> 435 -> 1051
1034,899,False,3,no reachable relay,1034 -> 146 -> 346 -> 59,True,8,38.91352286551042,1034 -> 13 -> 985 -> 484 -> 719 -> 651 -> 974 -> 59 -> 899
998,1034,False,0,no reachable relay,998,True,5,30.77613878261983,998 -> 782 -> 1000 -> 561 -> 499 -> 1034
955,1062,False,0,no reachable relay,955,True,2,11.50604932807479,955 -> 397 -> 1062
978,911,False,0,no reachable relay,978,True,2,5.832259748530181,978 -> 732 -> 911
1039,1037,False,0,no reachable relay,1039,True,2,5.728955864359317,1039 -> 551 -> 1037
1034,1100,False,50,maximum hops reached,1034 -> 265 -> 334 -> 307 -> 1066 -> 435 -> 1072 -> 356 -> 1026 -> 343 -> 335 -> 192 -> 831 -> 176 -> 538 -> 113 -> 344 -> 140 -> 185 -> 397 -> 37 -> 10 -> 218 -> 417 -> 268 -> 388 -> 500 -> 371 -> 613 -> 999 -> 196 -> 732 -> 314 -> 402 -> 529 -> 940 -> 188 -> 514 -> 71 -> 788 -> 147 -> 493 -> 190 -> 767 -> 782 -> 834 -> 410 -> 692 -> 599 -> 258 -> 501,True,5,32.29971248941234,1034 -> 499 -> 561 -> 1040 -> 71 -> 1100
1055,909,False,0,no reachable relay,1055,True,6,44.19279524150826,1055 -> 530 -> 790 -> 449 -> 791 -> 855 -> 909
1087,1048,False,50,maximum hops reached,1087 -> 192 -> 713 -> 307 -> 1066 -> 343 -> 809 -> 435 -> 1072 -> 397 -> 767 -> 140 -> 788 -> 10 -> 357 -> 417 -> 634 -> 371 -> 356 -> 914 -> 402 -> 344 -> 190 -> 185 -> 599 -> 875 -> 176 -> 642 -> 268 -> 732 -> 947 -> 113 -> 538 -> 410 -> 514 -> 179 -> 500 -> 635 -> 501 -> 222 -> 529 -> 951 -> 188 -> 834 -> 71 -> 1085 -> 6 -> 613 -> 995 -> 37 -> 577,True,2,7.886559508703264,1087 -> 435 -> 1048
885,864,False,12,no reachable relay,885 -> 62 -> 1083 -> 252 -> 63 -> 238 -> 963 -> 69 -> 954 -> 266 -> 1004 -> 298 -> 830,True,8,51.25460030987848,885 -> 121 -> 1083 -> 576 -> 637 -> 640 -> 578 -> 583 -> 864
1104,898,False,0,no reachable relay,1104,True,2,9.739203186971785,1104 -> 397 -> 898
1102,957,False,0,no reachable relay,1102,True,2,5.101634865641103,1102 -> 613 -> 957
1080,995,True,2,reached destination,1080 -> 113 -> 995,True,2,5.755107311386081,1080 -> 71 -> 995
1004,1028,True,2,reached destination,1004 -> 47 -> 1028,True,3,15.466300195883509,1004 -> 657 -> 602 -> 1028
969,913,False,50,maximum hops reached,969 -> 49 -> 263 -> 56 -> 895 -> 151 -> 448 -> 27 -> 491 -> 109 -> 593 -> 197 -> 128 -> 283 -> 85 -> 354 -> 54 -> 390 -> 200 -> 115 -> 199 -> 736 -> 1079 -> 407 -> 781 -> 403 -> 695 -> 711 -> 563 -> 879 -> 110 -> 626 -> 159 -> 799 -> 331 -> 664 -> 15 -> 465 -> 231 -> 574 -> 684 -> 780 -> 850 -> 815 -> 717 -> 691 -> 849 -> 855 -> 447 -> 572 -> 1098,True,6,33.107539188717496,969 -> 450 -> 738 -> 737 -> 685 -> 684 -> 913
921,1052,False,0,no reachable relay,921,True,2,7.10875733162206,921 -> 307 -> 1052
925,931,False,0,no reachable relay,925,True,4,22.254901282417908,925 -> 501 -> 911 -> 783 -> 931
968,1067,False,0,no reachable relay,968,True,7,54.96599307985064,968 -> 311 -> 48 -> 49 -> 47 -> 344 -> 343 -> 1067
920,902,False,0,no reachable relay,920,True,2,9.466309612491964,920 -> 356 -> 902
1079,955,False,50,maximum hops reached,1079 -> 263 -> 1076 -> 208 -> 181 -> 268 -> 307 -> 357 -> 356 -> 222 -> 343 -> 889 -> 192 -> 1026 -> 435 -> 940 -> 344 -> 190 -> 185 -> 176 -> 376 -> 37 -> 788 -> 196 -> 514 -> 314 -> 529 -> 999 -> 218 -> 140 -> 767 -> 113 -> 834 -> 417 -> 493 -> 538 -> 852 -> 397 -> 783 -> 10 -> 740 -> 500 -> 870 -> 47 -> 732 -> 312 -> 613 -> 373 -> 599 -> 602 -> 634,True,7,48.028107123593514,1079 -> 403 -> 1076 -> 313 -> 49 -> 47 -> 344 -> 955
1022,979,True,1,reached destination,1022 -> 979,True,2,3.3666147625139518,1022 -> 188 -> 979
927,945,False,0,no reachable relay,927,True,6,34.62003793553801,927 -> 782 -> 789 -> 784 -> 735 -> 542 -> 945
1079,996,True,6,reached destination,1079 -> 263 -> 1076 -> 208 -> 419 -> 363 -> 996,True,8,52.45633968702106,1079 -> 855 -> 1078 -> 85 -> 331 -> 127 -> 118 -> 174 -> 996
926,951,True,2,reached destination,926 -> 113 -> 951,True,2,6.662751822885923,926 -> 388 -> 951
927,963,False,0,no reachable relay,927,True,3,20.304430914283426,927 -> 344 -> 309 -> 963
915,1098,False,0,no reachable relay,915,True,5,45.743377695131294,915 -> 344 -> 47 -> 49 -> 48 -> 1098
1107,1034,False,0,no reachable relay,1107,True,4,27.39596925676614,1107 -> 831 -> 561 -> 499 -> 1034
949,1050,False,0,no reachable relay,949,True,2,10.525381661481712,949 -> 501 -> 1050
1040,886,True,2,reached destination,1040 -> 356 -> 886,True,3,12.925500699278933,1040 -> 113 -> 176 -> 886
945,935,False,50,maximum hops reached,945 -> 249 -> 53 -> 10 -> 875 -> 397 -> 1085 -> 140 -> 905 -> 417 -> 908 -> 190 -> 192 -> 402 -> 307 -> 410 -> 435 -> 179 -> 356 -> 6 -> 113 -> 642 -> 71 -> 599 -> 188 -> 634 -> 383 -> 176 -> 348 -> 343 -> 319 -> 501 -> 335 -> 577 -> 147 -> 538 -> 388 -> 669 -> 37 -> 782 -> 939 -> 316 -> 613 -> 329 -> 1022 -> 371 -> 761 -> 344 -> 586 -> 732 -> 663,True,5,30.83246738461439,945 -> 542 -> 735 -> 784 -> 789 -> 935
1009,1088,False,0,no reachable relay,1009,True,7,40.91706358460047,1009 -> 518 -> 667 -> 810 -> 809 -> 991 -> 599 -> 1088
867,924,False,0,no reachable relay,867,True,9,50.38006771390622,867 -> 684 -> 685 -> 737 -> 738 -> 739 -> 740 -> 940 -> 613 -> 924
1108,961,False,0,no reachable relay,1108,True,8,41.87982931445812,1108 -> 518 -> 1093 -> 651 -> 719 -> 484 -> 985 -> 13 -> 961
1070,891,False,0,no reachable relay,1070,True,6,30.745724441555716,1070 -> 383 -> 934 -> 548 -> 618 -> 625 -> 891
913,1062,False,0,no reachable relay,913,True,8,53.81820363249276,913 -> 85 -> 331 -> 127 -> 118 -> 174 -> 388 -> 147 -> 1062
865,1018,False,3,no reachable relay,865 -> 304 -> 1109 -> 365,True,10,54.40718398238619,865 -> 675 -> 861 -> 658 -> 541 -> 830 -> 783 -> 788 -> 732 -> 782 -> 1018
1051,1015,False,0,no reachable relay,1051,True,2,5.998751525139842,1051 -> 344 -> 1015
1051,860,False,0,no reachable relay,1051,True,6,35.22852836001683,1051 -> 732 -> 991 -> 809 -> 810 -> 667 -> 860
977,1077,False,0,no reachable relay,977,True,2,11.020406540530097,977 -> 388 -> 1077
1022,919,False,50,maximum hops reached,1022 -> 343 -> 889 -> 435 -> 1026 -> 192 -> 999 -> 344 -> 188 -> 37 -> 788 -> 196 -> 732 -> 218 -> 307 -> 268 -> 356 -> 357 -> 176 -> 185 -> 113 -> 514 -> 314 -> 529 -> 940 -> 140 -> 493 -> 599 -> 47 -> 500 -> 870 -> 222 -> 613 -> 376 -> 538 -> 852 -> 397 -> 834 -> 417 -> 767 -> 388 -> 1015 -> 258 -> 501 -> 740 -> 10 -> 783 -> 692 -> 634 -> 727 -> 1049,True,2,9.048133104770296,1022 -> 613 -> 919
1088,1030,False,0,no reachable relay,1088,True,5,35.91024781382511,1088 -> 376 -> 69 -> 2 -> 372 -> 1030
1107,873,False,0,no reachable relay,1107,True,2,5.131312193423687,1107 -> 179 -> 873
1030,1108,False,4,no reachable relay,1030 -> 256 -> 72 -> 124 -> 393,True,6,42.58451648060797,1030 -> 677 -> 675 -> 550 -> 743 -> 742 -> 1108
967,1058,False,0,no reachable relay,967,True,2,8.193097536161481,967 -> 185 -> 1058
1072,971,False,12,no reachable relay,1072 -> 192 -> 889 -> 357 -> 886 -> 222 -> 983 -> 185 -> 948 -> 376 -> 959 -> 268 -> 560,False,0,inf,1072
954,1058,False,50,maximum hops reached,954 -> 47 -> 343 -> 312 -> 435 -> 222 -> 37 -> 357 -> 356 -> 268 -> 176 -> 185 -> 314 -> 344 -> 886 -> 218 -> 834 -> 196 -> 373 -> 192 -> 376 -> 307 -> 602 -> 113 -> 852 -> 514 -> 244 -> 529 -> 309 -> 493 -> 783 -> 727 -> 500 -> 527 -> 788 -> 740 -> 767 -> 258 -> 983 -> 297 -> 732 -> 530 -> 613 -> 726 -> 692 -> 948 -> 174 -> 959 -> 140 -> 870 -> 388,True,3,14.119145673074168,954 -> 309 -> 312 -> 1058
957,1000,False,0,no reachable relay,957,True,2,8.095107843131494,957 -> 71 -> 1000
933,1027,False,0,no reachable relay,933,True,8,54.40085217357214,933 -> 157 -> 129 -> 83 -> 60 -> 285 -> 897 -> 469 -> 1027
979,916,False,50,maximum hops reached,979 -> 435 -> 889 -> 343 -> 1026 -> 192 -> 940 -> 344 -> 999 -> 356 -> 268 -> 307 -> 47 -> 37 -> 788 -> 196 -> 185 -> 176 -> 357 -> 113 -> 514 -> 314 -> 529 -> 870 -> 218 -> 140 -> 493 -> 599 -> 258 -> 500 -> 1015 -> 397 -> 834 -> 388 -> 732 -> 244 -> 613 -> 222 -> 692 -> 767 -> 740 -> 10 -> 852 -> 538 -> 727 -> 634 -> 602 -> 1049 -> 417 -> 783 -> 819,True,2,9.58002659516755,979 -> 613 -> 916
1026,953,False,50,maximum hops reached,1026 -> 397 -> 767 -> 140 -> 783 -> 10 -> 538 -> 417 -> 634 -> 113 -> 642 -> 37 -> 402 -> 307 -> 713 -> 192 -> 190 -> 343 -> 410 -> 435 -> 6 -> 356 -> 809 -> 176 -> 577 -> 344 -> 179 -> 732 -> 383 -> 599 -> 1066 -> 188 -> 500 -> 348 -> 613 -> 875 -> 71 -> 529 -> 319 -> 501 -> 1072 -> 147 -> 514 -> 782 -> 788 -> 586 -> 834 -> 999 -> 388 -> 1085 -> 196,True,2,7.64204319154757,1026 -> 307 -> 953
950,932,False,0,no reachable relay,950,True,6,33.654310862173695,950 -> 782 -> 996 -> 100 -> 377 -> 259 -> 932
988,1033,True,2,reached destination,988 -> 102 -> 1033,True,3,12.426396823881987,988 -> 499 -> 661 -> 1033
961,863,False,3,no reachable relay,961 -> 276 -> 7 -> 355,True,6,32.99014684099548,961 -> 13 -> 985 -> 484 -> 719 -> 651 -> 863
992,1078,False,0,no reachable relay,992,True,7,47.738638861162016,992 -> 176 -> 181 -> 195 -> 406 -> 409 -> 199 -> 1078
996,902,True,2,reached destination,996 -> 174 -> 902,True,2,6.31328476577708,996 -> 371 -> 902
970,1032,False,0,no reachable relay,970,True,2,9.612004911694216,970 -> 71 -> 1032
1085,1017,True,2,reached destination,1085 -> 188 -> 1017,True,2,3.6140730171208153,1085 -> 782 -> 1017
1055,1057,False,0,no reachable relay,1055,True,3,14.535473989723869,1055 -> 307 -> 417 -> 1057
875,1014,False,50,maximum hops reached,875 -> 383 -> 1011 -> 6 -> 939 -> 348 -> 903 -> 179 -> 908 -> 319 -> 1017 -> 410 -> 30 -> 402 -> 107 -> 190 -> 142 -> 10 -> 316 -> 397 -> 329 -> 140 -> 45 -> 417 -> 389 -> 188 -> 207 -> 71 -> 635 -> 147 -> 713 -> 335 -> 669 -> 905 -> 53 -> 809 -> 388 -> 55 -> 586 -> 281 -> 761 -> 1085 -> 113 -> 353 -> 782 -> 715 -> 307 -> 663 -> 942 -> 371 -> 577,True,2,5.743478685218438,875 -> 586 -> 1014
898,924,False,0,no reachable relay,898,True,2,5.440069040620626,898 -> 613 -> 924
998,1060,False,0,no reachable relay,998,True,3,12.649597953871378,998 -> 782 -> 789 -> 1060
1044,956,False,29,no reachable relay,1044 -> 316 -> 156 -> 150 -> 355 -> 391 -> 59 -> 180 -> 690 -> 401 -> 393 -> 317 -> 255 -> 404 -> 808 -> 230 -> 485 -> 330 -> 615 -> 277 -> 671 -> 667 -> 651 -> 446 -> 472 -> 853 -> 291 -> 518 -> 770 -> 687,True,6,27.3518530252116,1044 -> 348 -> 1068 -> 546 -> 569 -> 468 -> 956
881,892,False,0,no reachable relay,881,True,7,60.41326296374456,881 -> 140 -> 176 -> 181 -> 208 -> 111 -> 197 -> 892
889,1021,False,7,no reachable relay,889 -> 222 -> 379 -> 365 -> 229 -> 232 -> 1109 -> 17,True,5,31.31621408422196,889 -> 834 -> 830 -> 541 -> 658 -> 1021
874,1096,False,0,no reachable relay,874,True,6,53.4252073947743,874 -> 222 -> 227 -> 5 -> 75 -> 76 -> 1096
911,1002,False,0,no reachable relay,911,True,2,7.61938097114937,911 -> 732 -> 1002
961,1035,False,50,maximum hops reached,961 -> 265 -> 334 -> 192 -> 222 -> 343 -> 830 -> 344 -> 889 -> 185 -> 634 -> 357 -> 397 -> 268 -> 732 -> 376 -> 435 -> 783 -> 307 -> 373 -> 356 -> 834 -> 886 -> 37 -> 767 -> 983 -> 218 -> 788 -> 47 -> 514 -> 309 -> 529 -> 726 -> 176 -> 948 -> 196 -> 538 -> 312 -> 500 -> 560 -> 613 -> 870 -> 140 -> 959 -> 113 -> 1015 -> 417 -> 1026 -> 10 -> 940 -> 314,True,7,39.851370999386944,961 -> 439 -> 988 -> 29 -> 1006 -> 831 -> 613 -> 1035
