source,destination,success,hops,reason,path
65,95,True,4,reached destination,65 -> 568 -> 72 -> 580 -> 95
169,212,False,0,no reachable relay,169
181,140,False,50,maximum hops reached,181 -> 653 -> 893 -> 1044 -> 1018 -> 170 -> 539 -> 87 -> 570 -> 202 -> 729 -> 266 -> 949 -> 295 -> 556 -> 101 -> 928 -> 385 -> 381 -> 165 -> 667 -> 340 -> 333 -> 611 -> 59 -> 944 -> 665 -> 93 -> 507 -> 881 -> 608 -> 141 -> 1128 -> 69 -> 494 -> 56 -> 1150 -> 229 -> 555 -> 40 -> 838 -> 102 -> 864 -> 212 -> 1121 -> 232 -> 617 -> 166 -> 897 -> 143 -> 677
265,298,False,50,maximum hops reached,265 -> 1080 -> 94 -> 754 -> 740 -> 576 -> 190 -> 641 -> 124 -> 1044 -> 229 -> 811 -> 141 -> 682 -> 180 -> 853 -> 385 -> 565 -> 165 -> 462 -> 135 -> 667 -> 997 -> 1150 -> 1109 -> 40 -> 507 -> 305 -> 556 -> 170 -> 1068 -> 363 -> 188 -> 1007 -> 309 -> 204 -> 825 -> 279 -> 469 -> 93 -> 608 -> 55 -> 539 -> 343 -> 333 -> 292 -> 949 -> 266 -> 728 -> 212 -> 570
102,29,True,3,reached destination,102 -> 619 -> 848 -> 29
226,175,False,0,no reachable relay,226
246,264,True,3,reached destination,246 -> 485 -> 640 -> 264
254,240,True,4,reached destination,254 -> 725 -> 44 -> 1101 -> 240
85,136,True,4,reached destination,85 -> 845 -> 1082 -> 911 -> 136
23,4,True,3,reached destination,23 -> 945 -> 485 -> 4
56,175,True,4,reached destination,56 -> 729 -> 366 -> 746 -> 175
86,109,True,5,reached destination,86 -> 950 -> 68 -> 1061 -> 966 -> 109
24,205,False,0,no reachable relay,24
3,25,True,3,reached destination,3 -> 897 -> 633 -> 25
68,22,True,3,reached destination,68 -> 513 -> 1081 -> 22
291,222,True,4,reached destination,291 -> 1096 -> 782 -> 774 -> 222
263,88,True,5,reached destination,263 -> 770 -> 204 -> 1069 -> 588 -> 88
183,170,True,6,reached destination,183 -> 807 -> 27 -> 697 -> 415 -> 770 -> 170
25,49,True,4,reached destination,25 -> 881 -> 69 -> 968 -> 49
190,213,True,4,reached destination,190 -> 570 -> 662 -> 582 -> 213
62,229,True,4,reached destination,62 -> 781 -> 400 -> 670 -> 229
54,92,True,5,reached destination,54 -> 828 -> 156 -> 1015 -> 884 -> 92
61,92,True,3,reached destination,61 -> 1146 -> 528 -> 92
92,42,False,50,maximum hops reached,92 -> 894 -> 72 -> 993 -> 236 -> 540 -> 25 -> 895 -> 359 -> 923 -> 102 -> 448 -> 212 -> 933 -> 1 -> 925 -> 56 -> 663 -> 39 -> 1032 -> 266 -> 578 -> 34 -> 934 -> 248 -> 1015 -> 79 -> 820 -> 95 -> 728 -> 40 -> 555 -> 131 -> 633 -> 11 -> 564 -> 245 -> 440 -> 192 -> 763 -> 21 -> 619 -> 77 -> 515 -> 249 -> 838 -> 141 -> 580 -> 229 -> 674 -> 124
6,51,True,5,reached destination,6 -> 901 -> 439 -> 208 -> 635 -> 51
47,2,False,50,maximum hops reached,47 -> 1080 -> 196 -> 706 -> 505 -> 1106 -> 302 -> 879 -> 1108 -> 859 -> 642 -> 90 -> 1104 -> 186 -> 650 -> 355 -> 561 -> 409 -> 1058 -> 10 -> 639 -> 132 -> 628 -> 275 -> 788 -> 1151 -> 716 -> 238 -> 880 -> 347 -> 18 -> 693 -> 15 -> 459 -> 31 -> 998 -> 27 -> 458 -> 14 -> 773 -> 205 -> 963 -> 380 -> 277 -> 946 -> 222 -> 624 -> 195 -> 941 -> 214 -> 801
199,212,True,3,reached destination,199 -> 889 -> 670 -> 212
54,245,True,4,reached destination,54 -> 828 -> 760 -> 1015 -> 245
253,164,True,6,reached destination,253 -> 1116 -> 211 -> 757 -> 559 -> 552 -> 164
174,289,True,5,reached destination,174 -> 1046 -> 404 -> 367 -> 952 -> 289
263,160,True,2,reached destination,263 -> 969 -> 160
115,26,False,50,maximum hops reached,115 -> 990 -> 907 -> 398 -> 1039 -> 129 -> 985 -> 96 -> 765 -> 35 -> 809 -> 81 -> 1135 -> 153 -> 794 -> 216 -> 1087 -> 438 -> 375 -> 1029 -> 159 -> 1024 -> 114 -> 883 -> 1157 -> 1062 -> 104 -> 789 -> 71 -> 877 -> 372 -> 237 -> 905 -> 54 -> 841 -> 278 -> 920 -> 283 -> 1101 -> 240 -> 688 -> 33 -> 488 -> 218 -> 512 -> 172 -> 1092 -> 290 -> 787 -> 201 -> 684
115,208,True,3,reached destination,115 -> 966 -> 443 -> 208
4,131,True,2,reached destination,4 -> 472 -> 131
232,298,False,50,maximum hops reached,232 -> 949 -> 576 -> 190 -> 641 -> 124 -> 1044 -> 229 -> 811 -> 141 -> 682 -> 180 -> 853 -> 385 -> 565 -> 165 -> 462 -> 135 -> 667 -> 997 -> 1150 -> 1109 -> 40 -> 507 -> 305 -> 556 -> 170 -> 1068 -> 363 -> 188 -> 1007 -> 309 -> 204 -> 825 -> 279 -> 469 -> 93 -> 608 -> 55 -> 539 -> 343 -> 333 -> 292 -> 570 -> 266 -> 728 -> 212 -> 944 -> 87 -> 681 -> 36
92,193,True,2,reached destination,92 -> 447 -> 193
110,166,True,3,reached destination,110 -> 1071 -> 1065 -> 166
269,98,False,0,no reachable relay,269
290,280,True,5,reached destination,290 -> 591 -> 145 -> 901 -> 447 -> 280
28,262,True,3,reached destination,28 -> 1009 -> 610 -> 262
179,290,True,5,reached destination,179 -> 1061 -> 432 -> 149 -> 446 -> 290
88,50,True,2,reached destination,88 -> 918 -> 50
282,237,False,0,no reachable relay,282
221,112,True,5,reached destination,221 -> 1092 -> 218 -> 659 -> 748 -> 112
28,72,True,5,reached destination,28 -> 622 -> 62 -> 696 -> 934 -> 72
163,68,False,0,no reachable relay,163
181,206,False,50,maximum hops reached,181 -> 653 -> 893 -> 1044 -> 266 -> 556 -> 141 -> 949 -> 170 -> 667 -> 229 -> 539 -> 40 -> 944 -> 87 -> 1150 -> 212 -> 570 -> 385 -> 381 -> 728 -> 102 -> 555 -> 333 -> 838 -> 363 -> 1018 -> 407 -> 729 -> 165 -> 507 -> 881 -> 309 -> 1128 -> 202 -> 611 -> 56 -> 928 -> 59 -> 864 -> 72 -> 1121 -> 236 -> 448 -> 124 -> 576 -> 190 -> 608 -> 93 -> 682 -> 295
257,296,True,3,reached destination,257 -> 737 -> 456 -> 296
222,73,True,3,reached destination,222 -> 1106 -> 863 -> 73
66,199,True,4,reached destination,66 -> 890 -> 315 -> 504 -> 199
178,217,False,0,no reachable relay,178
17,292,True,4,reached destination,17 -> 850 -> 345 -> 672 -> 292
5,158,False,50,maximum hops reached,5 -> 444 -> 1043 -> 822 -> 210 -> 706 -> 293 -> 1057 -> 120 -> 807 -> 78 -> 583 -> 58 -> 647 -> 365 -> 638 -> 367 -> 851 -> 198 -> 759 -> 182 -> 808 -> 139 -> 908 -> 251 -> 742 -> 900 -> 644 -> 227 -> 463 -> 543 -> 272 -> 1158 -> 27 -> 780 -> 17 -> 1139 -> 70 -> 755 -> 31 -> 551 -> 83 -> 875 -> 183 -> 857 -> 238 -> 1050 -> 275 -> 615 -> 185 -> 479
236,102,True,2,reached destination,236 -> 895 -> 102
16,183,True,4,reached destination,16 -> 790 -> 218 -> 950 -> 183
4,83,True,5,reached destination,4 -> 883 -> 71 -> 720 -> 1147 -> 83
185,239,True,2,reached destination,185 -> 613 -> 239
261,94,True,5,reached destination,261 -> 855 -> 210 -> 882 -> 1077 -> 94
46,43,True,2,reached destination,46 -> 1145 -> 43
45,95,True,4,reached destination,45 -> 523 -> 29 -> 999 -> 95
289,10,True,2,reached destination,289 -> 459 -> 10
262,188,True,6,reached destination,262 -> 693 -> 19 -> 767 -> 410 -> 977 -> 188
292,210,True,5,reached destination,292 -> 734 -> 390 -> 353 -> 780 -> 210
282,16,False,0,no reachable relay,282
18,152,True,7,reached destination,18 -> 982 -> 76 -> 846 -> 88 -> 532 -> 945 -> 152
37,254,True,3,reached destination,37 -> 1069 -> 588 -> 254
141,43,True,3,reached destination,141 -> 681 -> 1099 -> 43
266,98,True,2,reached destination,266 -> 1014 -> 98
81,79,True,4,reached destination,81 -> 1034 -> 137 -> 510 -> 79
79,89,False,50,maximum hops reached,79 -> 518 -> 837 -> 712 -> 106 -> 1125 -> 76 -> 813 -> 208 -> 849 -> 191 -> 625 -> 181 -> 1059 -> 199 -> 915 -> 324 -> 1154 -> 416 -> 819 -> 334 -> 629 -> 306 -> 498 -> 5 -> 541 -> 94 -> 621 -> 1033 -> 70 -> 1149 -> 307 -> 940 -> 17 -> 827 -> 196 -> 489 -> 961 -> 174 -> 526 -> 285 -> 535 -> 1123 -> 251 -> 921 -> 223 -> 710 -> 7 -> 635 -> 182 -> 675
185,147,True,2,reached destination,185 -> 505 -> 147
58,241,False,50,maximum hops reached,58 -> 572 -> 397 -> 371 -> 1093 -> 125 -> 1009 -> 289 -> 558 -> 105 -> 757 -> 86 -> 1098 -> 183 -> 465 -> 287 -> 970 -> 344 -> 730 -> 420 -> 871 -> 219 -> 477 -> 793 -> 649 -> 632 -> 749 -> 936 -> 111 -> 815 -> 701 -> 73 -> 1078 -> 296 -> 950 -> 301 -> 185 -> 1011 -> 28 -> 597 -> 189 -> 456 -> 218 -> 779 -> 290 -> 1021 -> 272 -> 952 -> 108 -> 840 -> 238
95,114,True,4,reached destination,95 -> 934 -> 115 -> 990 -> 114
96,192,True,5,reached destination,96 -> 1110 -> 152 -> 510 -> 884 -> 192
261,156,True,5,reached destination,261 -> 1010 -> 398 -> 104 -> 771 -> 156
141,130,True,5,reached destination,141 -> 600 -> 366 -> 362 -> 1082 -> 130
156,254,True,3,reached destination,156 -> 1090 -> 966 -> 254
31,109,True,6,reached destination,31 -> 822 -> 196 -> 523 -> 29 -> 692 -> 109
15,281,True,5,reached destination,15 -> 624 -> 390 -> 417 -> 554 -> 281
20,73,True,4,reached destination,20 -> 750 -> 414 -> 1156 -> 73
115,271,True,2,reached destination,115 -> 990 -> 271
51,55,True,3,reached destination,51 -> 960 -> 606 -> 55
287,225,True,3,reached destination,287 -> 840 -> 613 -> 225
275,21,True,5,reached destination,275 -> 1143 -> 199 -> 666 -> 1132 -> 21
235,2,False,0,no reachable relay,235
145,36,True,5,reached destination,145 -> 966 -> 255 -> 580 -> 811 -> 36
120,181,True,2,reached destination,120 -> 601 -> 181
138,241,False,50,maximum hops reached,138 -> 1000 -> 936 -> 125 -> 1093 -> 289 -> 1009 -> 105 -> 558 -> 86 -> 757 -> 183 -> 1098 -> 287 -> 465 -> 219 -> 970 -> 344 -> 730 -> 371 -> 871 -> 111 -> 572 -> 397 -> 420 -> 272 -> 815 -> 701 -> 632 -> 477 -> 793 -> 649 -> 1011 -> 301 -> 950 -> 314 -> 73 -> 1078 -> 296 -> 749 -> 189 -> 597 -> 28 -> 456 -> 218 -> 779 -> 290 -> 1021 -> 211 -> 952 -> 185
265,0,True,5,reached destination,265 -> 777 -> 71 -> 905 -> 727 -> 0
296,212,True,6,reached destination,296 -> 631 -> 44 -> 657 -> 25 -> 448 -> 212
188,153,True,6,reached destination,188 -> 667 -> 59 -> 839 -> 764 -> 985 -> 153
29,182,True,3,reached destination,29 -> 621 -> 1031 -> 182
243,65,False,0,no reachable relay,243
231,51,False,0,no reachable relay,231
4,147,True,6,reached destination,4 -> 860 -> 242 -> 474 -> 1006 -> 567 -> 147
102,104,True,3,reached destination,102 -> 1122 -> 771 -> 104
172,26,False,50,maximum hops reached,172 -> 1039 -> 129 -> 985 -> 96 -> 765 -> 35 -> 809 -> 81 -> 1135 -> 153 -> 794 -> 216 -> 1087 -> 438 -> 375 -> 1029 -> 159 -> 1024 -> 114 -> 907 -> 398 -> 789 -> 71 -> 883 -> 1157 -> 1062 -> 104 -> 841 -> 54 -> 920 -> 278 -> 877 -> 372 -> 237 -> 905 -> 240 -> 1101 -> 283 -> 688 -> 33 -> 488 -> 218 -> 512 -> 290 -> 1092 -> 201 -> 684 -> 97 -> 787 -> 189
289,39,True,5,reached destination,289 -> 926 -> 80 -> 962 -> 848 -> 39
78,297,False,50,maximum hops reached,78 -> 1019 -> 950 -> 446 -> 1157 -> 172 -> 787 -> 153 -> 1092 -> 71 -> 835 -> 189 -> 823 -> 237 -> 765 -> 1054 -> 438 -> 1042 -> 290 -> 790 -> 97 -> 994 -> 335 -> 201 -> 1023 -> 218 -> 854 -> 81 -> 1091 -> 96 -> 614 -> 129 -> 455 -> 41 -> 832 -> 392 -> 287 -> 1097 -> 219 -> 1010 -> 86 -> 1035 -> 105 -> 856 -> 296 -> 996 -> 125 -> 964 -> 284 -> 772 -> 54
51,12,True,3,reached destination,51 -> 960 -> 1099 -> 12
173,236,True,3,reached destination,173 -> 608 -> 881 -> 236
19,158,False,50,maximum hops reached,19 -> 1058 -> 706 -> 210 -> 822 -> 293 -> 1057 -> 120 -> 807 -> 78 -> 583 -> 58 -> 647 -> 365 -> 638 -> 367 -> 851 -> 198 -> 759 -> 182 -> 808 -> 139 -> 908 -> 251 -> 742 -> 900 -> 444 -> 1043 -> 227 -> 463 -> 543 -> 272 -> 644 -> 17 -> 780 -> 70 -> 1139 -> 196 -> 1070 -> 76 -> 1037 -> 27 -> 1158 -> 31 -> 551 -> 83 -> 875 -> 183 -> 857 -> 238 -> 1050
280,264,True,3,reached destination,280 -> 518 -> 821 -> 264
190,210,True,5,reached destination,190 -> 1089 -> 306 -> 349 -> 706 -> 210
230,266,True,3,reached destination,230 -> 934 -> 895 -> 266
122,227,False,0,no reachable relay,122
289,56,True,6,reached destination,289 -> 964 -> 237 -> 501 -> 217 -> 1014 -> 56
279,210,True,4,reached destination,279 -> 669 -> 391 -> 449 -> 210
158,197,False,0,no reachable relay,158
172,84,True,3,reached destination,172 -> 809 -> 700 -> 84
173,1,True,4,reached destination,173 -> 608 -> 944 -> 993 -> 1
54,166,True,3,reached destination,54 -> 506 -> 464 -> 166
103,27,True,6,reached destination,103 -> 727 -> 136 -> 1133 -> 205 -> 642 -> 27
82,205,True,3,reached destination,82 -> 1137 -> 887 -> 205
181,156,True,5,reached destination,181 -> 712 -> 123 -> 1129 -> 609 -> 156
240,180,True,4,reached destination,240 -> 839 -> 418 -> 667 -> 180
131,80,True,5,reached destination,131 -> 514 -> 329 -> 342 -> 748 -> 80
25,90,True,6,reached destination,25 -> 724 -> 188 -> 595 -> 391 -> 946 -> 90
159,68,True,2,reached destination,159 -> 622 -> 68
250,143,True,2,reached destination,250 -> 784 -> 143
113,61,False,0,no reachable relay,113
286,133,True,2,reached destination,286 -> 713 -> 133
210,141,True,5,reached destination,210 -> 549 -> 223 -> 595 -> 977 -> 141
73,88,True,4,reached destination,73 -> 551 -> 814 -> 523 -> 88
40,181,True,3,reached destination,40 -> 554 -> 1004 -> 181
37,217,True,5,reached destination,37 -> 565 -> 170 -> 897 -> 839 -> 217
71,92,True,5,reached destination,71 -> 591 -> 145 -> 966 -> 1136 -> 92
289,7,True,3,reached destination,289 -> 1043 -> 594 -> 7
98,223,True,5,reached destination,98 -> 1152 -> 176 -> 973 -> 627 -> 223
241,203,False,0,no reachable relay,241
179,215,True,2,reached destination,179 -> 491 -> 215
52,62,False,0,no reachable relay,52
166,110,True,3,reached destination,166 -> 868 -> 1027 -> 110
163,112,False,0,no reachable relay,163
58,285,True,3,reached destination,58 -> 1139 -> 921 -> 285
6,150,True,6,reached destination,6 -> 901 -> 94 -> 1125 -> 581 -> 697 -> 150
188,185,True,5,reached destination,188 -> 595 -> 223 -> 898 -> 998 -> 185
296,59,True,5,reached destination,296 -> 512 -> 271 -> 760 -> 766 -> 59
258,0,True,2,reached destination,258 -> 1083 -> 0
101,204,True,3,reached destination,101 -> 1068 -> 462 -> 204
33,43,True,5,reached destination,33 -> 1083 -> 274 -> 599 -> 1071 -> 43
244,18,False,0,no reachable relay,244
1,9,True,4,reached destination,1 -> 568 -> 839 -> 860 -> 9
151,199,True,2,reached destination,151 -> 589 -> 199
61,86,True,4,reached destination,61 -> 716 -> 991 -> 840 -> 86
32,24,False,42,no reachable relay,32 -> 646 -> 326 -> 1141 -> 457 -> 204 -> 554 -> 37 -> 977 -> 174 -> 889 -> 188 -> 893 -> 394 -> 997 -> 256 -> 1089 -> 403 -> 417 -> 279 -> 740 -> 281 -> 1102 -> 180 -> 462 -> 124 -> 825 -> 190 -> 715 -> 285 -> 1114 -> 280 -> 972 -> 46 -> 1040 -> 106 -> 595 -> 199 -> 653 -> 223 -> 445 -> 181 -> 1004
217,203,True,5,reached destination,217 -> 472 -> 137 -> 989 -> 1124 -> 203
11,275,True,7,reached destination,11 -> 933 -> 255 -> 837 -> 416 -> 404 -> 1058 -> 275
290,186,True,3,reached destination,290 -> 871 -> 863 -> 186
111,41,True,2,reached destination,111 -> 598 -> 41
157,207,False,50,maximum hops reached,157 -> 484 -> 1024 -> 980 -> 33 -> 714 -> 271 -> 519 -> 278 -> 688 -> 325 -> 375 -> 318 -> 65 -> 852 -> 114 -> 485 -> 384 -> 828 -> 596 -> 258 -> 630 -> 1062 -> 216 -> 1094 -> 700 -> 44 -> 1101 -> 341 -> 841 -> 436 -> 883 -> 283 -> 1110 -> 35 -> 920 -> 240 -> 789 -> 104 -> 907 -> 159 -> 990 -> 156 -> 718 -> 187 -> 534 -> 103 -> 566 -> 4 -> 686 -> 246
158,221,False,0,no reachable relay,158
241,229,False,0,no reachable relay,241
102,92,True,2,reached destination,102 -> 724 -> 92
142,291,False,0,no reachable relay,142
228,171,True,5,reached destination,228 -> 1033 -> 196 -> 1080 -> 1056 -> 171
27,223,True,2,reached destination,27 -> 520 -> 223
123,260,True,5,reached destination,123 -> 496 -> 417 -> 415 -> 1153 -> 260
114,253,True,3,reached destination,114 -> 483 -> 704 -> 253
281,3,True,4,reached destination,281 -> 576 -> 381 -> 683 -> 3
183,19,True,3,reached destination,183 -> 807 -> 1058 -> 19
35,178,False,50,maximum hops reached,35 -> 684 -> 220 -> 1152 -> 868 -> 393 -> 173 -> 830 -> 12 -> 648 -> 263 -> 1130 -> 177 -> 1071 -> 118 -> 943 -> 336 -> 273 -> 450 -> 155 -> 1134 -> 292 -> 473 -> 55 -> 843 -> 91 -> 973 -> 260 -> 817 -> 43 -> 746 -> 176 -> 800 -> 93 -> 912 -> 36 -> 1099 -> 175 -> 1036 -> 135 -> 606 -> 165 -> 511 -> 170 -> 681 -> 295 -> 1026 -> 75 -> 1027 -> 30 -> 1153
134,184,False,50,maximum hops reached,134 -> 764 -> 33 -> 1076 -> 513 -> 145 -> 441 -> 197 -> 587 -> 299 -> 1025 -> 342 -> 1086 -> 1060 -> 62 -> 517 -> 63 -> 1063 -> 50 -> 483 -> 584 -> 264 -> 937 -> 804 -> 918 -> 162 -> 1056 -> 171 -> 989 -> 6 -> 1061 -> 68 -> 478 -> 254 -> 704 -> 112 -> 778 -> 80 -> 992 -> 149 -> 726 -> 44 -> 592 -> 128 -> 869 -> 115 -> 981 -> 47 -> 1115 -> 22 -> 1081
140,52,False,0,no reachable relay,140
52,204,False,0,no reachable relay,52
246,130,True,3,reached destination,246 -> 713 -> 1012 -> 130
35,0,True,3,reached destination,35 -> 566 -> 506 -> 0
47,243,False,50,maximum hops reached,47 -> 954 -> 1000 -> 815 -> 840 -> 289 -> 1009 -> 125 -> 970 -> 111 -> 757 -> 86 -> 558 -> 73 -> 871 -> 383 -> 1098 -> 314 -> 730 -> 952 -> 1078 -> 185 -> 1093 -> 301 -> 371 -> 183 -> 572 -> 312 -> 632 -> 783 -> 108 -> 979 -> 219 -> 465 -> 105 -> 649 -> 287 -> 936 -> 272 -> 793 -> 238 -> 1030 -> 262 -> 701 -> 261 -> 855 -> 31 -> 721 -> 83 -> 1011 -> 296
78,242,True,5,reached destination,78 -> 615 -> 186 -> 664 -> 1082 -> 242
0,127,False,50,maximum hops reached,0 -> 560 -> 747 -> 336 -> 890 -> 1071 -> 260 -> 782 -> 43 -> 1027 -> 91 -> 746 -> 75 -> 450 -> 388 -> 30 -> 973 -> 1137 -> 377 -> 1096 -> 100 -> 709 -> 49 -> 817 -> 177 -> 1153 -> 331 -> 107 -> 1134 -> 173 -> 711 -> 175 -> 474 -> 110 -> 676 -> 194 -> 476 -> 57 -> 497 -> 263 -> 527 -> 176 -> 1026 -> 12 -> 473 -> 3 -> 830 -> 273 -> 451 -> 85 -> 858
222,203,True,5,reached destination,222 -> 1022 -> 404 -> 17 -> 604 -> 203
22,90,True,5,reached destination,22 -> 901 -> 138 -> 796 -> 1043 -> 90
11,117,True,2,reached destination,11 -> 760 -> 117
127,176,False,0,no reachable relay,127
147,25,True,5,reached destination,147 -> 960 -> 279 -> 1044 -> 540 -> 25
77,135,True,4,reached destination,77 -> 933 -> 728 -> 853 -> 135
100,275,True,3,reached destination,100 -> 785 -> 624 -> 275
49,8,False,50,maximum hops reached,49 -> 941 -> 90 -> 808 -> 1127 -> 386 -> 742 -> 434 -> 1028 -> 139 -> 958 -> 78 -> 814 -> 227 -> 882 -> 196 -> 452 -> 58 -> 575 -> 45 -> 751 -> 138 -> 796 -> 978 -> 182 -> 644 -> 251 -> 638 -> 17 -> 851 -> 83 -> 444 -> 120 -> 678 -> 265 -> 508 -> 5 -> 1142 -> 80 -> 1116 -> 112 -> 1067 -> 203 -> 1105 -> 211 -> 908 -> 198 -> 798 -> 70 -> 818 -> 210
104,24,False,43,no reachable relay,104 -> 771 -> 11 -> 540 -> 670 -> 977 -> 204 -> 457 -> 37 -> 554 -> 174 -> 889 -> 188 -> 893 -> 394 -> 997 -> 256 -> 1089 -> 403 -> 417 -> 279 -> 740 -> 281 -> 1102 -> 180 -> 462 -> 124 -> 825 -> 190 -> 715 -> 285 -> 1114 -> 280 -> 972 -> 46 -> 1040 -> 106 -> 595 -> 199 -> 653 -> 223 -> 445 -> 181 -> 1004
71,78,True,4,reached destination,71 -> 720 -> 885 -> 1028 -> 78
200,222,False,0,no reachable relay,200
296,228,True,4,reached destination,296 -> 632 -> 365 -> 898 -> 228
208,296,True,4,reached destination,208 -> 1142 -> 500 -> 1047 -> 296
100,284,True,2,reached destination,100 -> 660 -> 284
88,265,True,2,reached destination,88 -> 953 -> 265
204,96,True,6,reached destination,204 -> 578 -> 79 -> 503 -> 519 -> 907 -> 96
61,130,True,3,reached destination,61 -> 703 -> 845 -> 130
50,136,True,4,reached destination,50 -> 490 -> 765 -> 896 -> 136
115,47,True,2,reached destination,115 -> 966 -> 47
160,151,True,3,reached destination,160 -> 474 -> 1006 -> 151
59,208,True,5,reached destination,59 -> 1150 -> 330 -> 92 -> 637 -> 208
134,62,True,4,reached destination,134 -> 764 -> 33 -> 1076 -> 62
173,113,False,50,maximum hops reached,173 -> 968 -> 270 -> 461 -> 1010 -> 97 -> 834 -> 284 -> 1035 -> 201 -> 1023 -> 41 -> 1079 -> 219 -> 1097 -> 414 -> 1054 -> 421 -> 335 -> 370 -> 835 -> 719 -> 832 -> 399 -> 772 -> 172 -> 983 -> 189 -> 803 -> 86 -> 802 -> 237 -> 1020 -> 1042 -> 616 -> 261 -> 598 -> 257 -> 739 -> 157 -> 1073 -> 136 -> 455 -> 153 -> 964 -> 290 -> 810 -> 218 -> 1092 -> 71 -> 787
30,62,True,7,reached destination,30 -> 1085 -> 223 -> 948 -> 196 -> 1080 -> 1060 -> 62
115,203,True,2,reached destination,115 -> 1115 -> 203
166,60,True,5,reached destination,166 -> 800 -> 336 -> 395 -> 520 -> 60
160,59,True,3,reached destination,160 -> 873 -> 897 -> 59
263,164,True,3,reached destination,263 -> 1137 -> 1082 -> 164
271,183,True,3,reached destination,271 -> 490 -> 720 -> 183
172,168,False,50,maximum hops reached,172 -> 1091 -> 296 -> 996 -> 287 -> 446 -> 218 -> 1047 -> 392 -> 659 -> 456 -> 105 -> 856 -> 290 -> 720 -> 189 -> 994 -> 397 -> 125 -> 597 -> 71 -> 777 -> 854 -> 81 -> 823 -> 153 -> 1042 -> 219 -> 749 -> 97 -> 779 -> 86 -> 950 -> 276 -> 1021 -> 28 -> 557 -> 68 -> 680 -> 149 -> 658 -> 159 -> 787 -> 96 -> 512 -> 129 -> 490 -> 35 -> 623 -> 216 -> 591
283,259,False,50,maximum hops reached,283 -> 1063 -> 478 -> 112 -> 704 -> 50 -> 778 -> 62 -> 1061 -> 197 -> 918 -> 145 -> 1056 -> 203 -> 1060 -> 126 -> 937 -> 358 -> 426 -> 413 -> 364 -> 954 -> 342 -> 953 -> 80 -> 687 -> 67 -> 620 -> 162 -> 995 -> 254 -> 962 -> 138 -> 454 -> 45 -> 531 -> 68 -> 587 -> 299 -> 584 -> 47 -> 901 -> 88 -> 1124 -> 179 -> 1115 -> 215 -> 618 -> 53 -> 959 -> 253
119,266,False,0,no reachable relay,119
127,12,False,0,no reachable relay,127
115,174,True,4,reached destination,115 -> 939 -> 123 -> 496 -> 174
136,186,True,3,reached destination,136 -> 1133 -> 613 -> 186
41,221,True,2,reached destination,41 -> 1013 -> 221
43,243,False,50,maximum hops reached,43 -> 1155 -> 717 -> 979 -> 1093 -> 301 -> 371 -> 1009 -> 289 -> 970 -> 125 -> 757 -> 111 -> 558 -> 86 -> 871 -> 383 -> 1098 -> 314 -> 730 -> 952 -> 1078 -> 73 -> 572 -> 312 -> 632 -> 840 -> 185 -> 783 -> 108 -> 815 -> 105 -> 465 -> 219 -> 649 -> 183 -> 936 -> 272 -> 793 -> 238 -> 1030 -> 262 -> 701 -> 287 -> 477 -> 296 -> 1011 -> 31 -> 855 -> 261 -> 1088
217,93,True,3,reached destination,217 -> 842 -> 729 -> 93
34,182,True,4,reached destination,34 -> 1111 -> 621 -> 1031 -> 182
172,207,False,50,maximum hops reached,172 -> 809 -> 714 -> 33 -> 980 -> 271 -> 519 -> 278 -> 688 -> 325 -> 375 -> 318 -> 65 -> 852 -> 114 -> 485 -> 384 -> 828 -> 596 -> 258 -> 630 -> 1062 -> 216 -> 1094 -> 700 -> 44 -> 1101 -> 341 -> 841 -> 436 -> 883 -> 283 -> 1110 -> 35 -> 920 -> 240 -> 789 -> 104 -> 907 -> 159 -> 990 -> 156 -> 718 -> 187 -> 534 -> 103 -> 566 -> 4 -> 686 -> 246 -> 744
110,145,True,6,reached destination,110 -> 561 -> 27 -> 822 -> 575 -> 778 -> 145
280,270,True,6,reached destination,280 -> 825 -> 135 -> 648 -> 1026 -> 1120 -> 270
270,255,True,6,reached destination,270 -> 873 -> 69 -> 1128 -> 894 -> 1132 -> 255
284,97,True,2,reached destination,284 -> 1023 -> 97
223,23,True,4,reached destination,223 -> 961 -> 487 -> 645 -> 23
179,172,True,5,reached destination,179 -> 1061 -> 432 -> 149 -> 823 -> 172
245,282,False,50,maximum hops reached,245 -> 544 -> 187 -> 764 -> 382 -> 988 -> 590 -> 64 -> 1148 -> 396 -> 862 -> 795 -> 167 -> 1133 -> 32 -> 664 -> 660 -> 154 -> 563 -> 164 -> 643 -> 257 -> 690 -> 239 -> 593 -> 130 -> 525 -> 57 -> 1082 -> 161 -> 887 -> 422 -> 471 -> 205 -> 607 -> 157 -> 872 -> 225 -> 922 -> 49 -> 917 -> 66 -> 929 -> 100 -> 499 -> 242 -> 552 -> 214 -> 816 -> 267 -> 733
227,130,True,4,reached destination,227 -> 572 -> 312 -> 607 -> 130
266,199,True,3,reached destination,266 -> 811 -> 889 -> 199
7,286,True,5,reached destination,7 -> 561 -> 194 -> 922 -> 481 -> 286
111,90,True,2,reached destination,111 -> 880 -> 90
164,285,True,4,reached destination,164 -> 891 -> 320 -> 906 -> 285
292,198,True,4,reached destination,292 -> 734 -> 390 -> 533 -> 198
275,262,True,2,reached destination,275 -> 801 -> 262
143,110,True,3,reached destination,143 -> 817 -> 711 -> 110
282,170,False,0,no reachable relay,282
161,77,True,6,reached destination,161 -> 750 -> 250 -> 686 -> 436 -> 776 -> 77
0,57,True,2,reached destination,0 -> 560 -> 57
254,278,True,3,reached destination,254 -> 989 -> 967 -> 278
165,70,True,4,reached destination,165 -> 672 -> 345 -> 758 -> 70
96,60,True,5,reached destination,96 -> 1091 -> 125 -> 786 -> 458 -> 60
1,229,True,2,reached destination,1 -> 674 -> 229
170,101,True,2,reached destination,170 -> 866 -> 101
239,258,True,5,reached destination,239 -> 525 -> 348 -> 16 -> 686 -> 258
152,8,False,50,maximum hops reached,152 -> 1081 -> 358 -> 508 -> 742 -> 386 -> 1127 -> 434 -> 1028 -> 139 -> 958 -> 78 -> 814 -> 227 -> 882 -> 196 -> 452 -> 58 -> 575 -> 45 -> 751 -> 138 -> 796 -> 978 -> 182 -> 644 -> 251 -> 638 -> 17 -> 851 -> 83 -> 444 -> 120 -> 678 -> 265 -> 1142 -> 5 -> 1067 -> 112 -> 1116 -> 80 -> 1000 -> 272 -> 1057 -> 198 -> 798 -> 70 -> 818 -> 210 -> 647 -> 293
293,129,True,4,reached destination,293 -> 975 -> 125 -> 446 -> 129
103,51,True,7,reached destination,103 -> 797 -> 69 -> 800 -> 336 -> 395 -> 698 -> 51
108,70,True,3,reached destination,108 -> 900 -> 1037 -> 70
77,134,True,4,reached destination,77 -> 657 -> 187 -> 847 -> 134
87,74,False,50,maximum hops reached,87 -> 555 -> 580 -> 1136 -> 255 -> 1001 -> 21 -> 518 -> 109 -> 824 -> 23 -> 1041 -> 400 -> 848 -> 29 -> 586 -> 34 -> 956 -> 39 -> 692 -> 230 -> 984 -> 123 -> 939 -> 77 -> 645 -> 892 -> 352 -> 22 -> 1129 -> 245 -> 884 -> 379 -> 619 -> 192 -> 999 -> 699 -> 79 -> 763 -> 92 -> 1132 -> 95 -> 440 -> 1 -> 820 -> 25 -> 934 -> 128 -> 821 -> 47 -> 636
174,276,True,5,reached destination,174 -> 849 -> 208 -> 1142 -> 500 -> 276
69,211,True,6,reached destination,69 -> 839 -> 240 -> 1039 -> 218 -> 1021 -> 211
235,215,False,0,no reachable relay,235
288,53,False,0,no reachable relay,288
41,9,True,2,reached destination,41 -> 553 -> 9
45,275,True,3,reached destination,45 -> 851 -> 615 -> 275
158,71,False,0,no reachable relay,158
173,288,False,50,maximum hops reached,173 -> 768 -> 1095 -> 921 -> 181 -> 1033 -> 199 -> 827 -> 76 -> 1059 -> 223 -> 625 -> 106 -> 710 -> 416 -> 758 -> 526 -> 404 -> 961 -> 285 -> 535 -> 174 -> 849 -> 37 -> 833 -> 813 -> 70 -> 1046 -> 712 -> 850 -> 334 -> 601 -> 306 -> 376 -> 17 -> 1125 -> 577 -> 1149 -> 251 -> 940 -> 208 -> 915 -> 196 -> 1154 -> 198 -> 635 -> 51 -> 581 -> 7 -> 529 -> 324
54,212,True,5,reached destination,54 -> 689 -> 156 -> 663 -> 448 -> 212
43,109,True,5,reached destination,43 -> 1036 -> 279 -> 740 -> 999 -> 109
0,247,False,50,maximum hops reached,0 -> 911 -> 41 -> 719 -> 1009 -> 857 -> 272 -> 975 -> 83 -> 551 -> 183 -> 875 -> 58 -> 1147 -> 227 -> 1138 -> 211 -> 1019 -> 210 -> 793 -> 289 -> 1011 -> 365 -> 899 -> 383 -> 678 -> 743 -> 406 -> 759 -> 344 -> 543 -> 31 -> 908 -> 139 -> 807 -> 632 -> 125 -> 786 -> 185 -> 815 -> 28 -> 572 -> 108 -> 479 -> 1055 -> 265 -> 936 -> 73 -> 952 -> 238 -> 721
235,77,False,0,no reachable relay,235
55,237,True,5,reached destination,55 -> 866 -> 408 -> 401 -> 614 -> 237
85,147,True,2,reached destination,85 -> 573 -> 147
32,136,True,2,reached destination,32 -> 552 -> 136
228,197,True,5,reached destination,228 -> 1033 -> 196 -> 1080 -> 1060 -> 197
178,237,False,0,no reachable relay,178
263,174,True,3,reached destination,263 -> 770 -> 889 -> 174
64,273,True,3,reached destination,64 -> 646 -> 735 -> 273
278,136,True,3,reached destination,278 -> 1024 -> 904 -> 136
3,206,False,50,maximum hops reached,3 -> 928 -> 556 -> 266 -> 949 -> 141 -> 667 -> 170 -> 539 -> 229 -> 944 -> 40 -> 1150 -> 87 -> 570 -> 385 -> 381 -> 728 -> 212 -> 1044 -> 102 -> 555 -> 333 -> 838 -> 363 -> 1018 -> 407 -> 729 -> 165 -> 507 -> 881 -> 309 -> 1128 -> 202 -> 611 -> 56 -> 864 -> 59 -> 1121 -> 72 -> 448 -> 124 -> 576 -> 190 -> 608 -> 93 -> 682 -> 295 -> 1068 -> 101 -> 469
139,147,True,2,reached destination,139 -> 955 -> 147
248,68,True,4,reached destination,248 -> 466 -> 1051 -> 517 -> 68
9,248,True,3,reached destination,9 -> 708 -> 766 -> 248
112,80,True,2,reached destination,112 -> 748 -> 80
61,124,True,3,reached destination,61 -> 1146 -> 893 -> 124
78,103,True,7,reached destination,78 -> 508 -> 126 -> 981 -> 329 -> 325 -> 831 -> 103
52,176,False,0,no reachable relay,52
239,295,True,3,reached destination,239 -> 890 -> 1134 -> 295
3,192,True,4,reached destination,3 -> 928 -> 1150 -> 580 -> 192
249,116,False,50,maximum hops reached,249 -> 847 -> 16 -> 772 -> 559 -> 863 -> 1050 -> 1151 -> 1043 -> 355 -> 1158 -> 880 -> 31 -> 998 -> 238 -> 991 -> 367 -> 855 -> 505 -> 108 -> 1104 -> 383 -> 185 -> 615 -> 90 -> 900 -> 186 -> 642 -> 365 -> 210 -> 479 -> 302 -> 786 -> 73 -> 721 -> 111 -> 801 -> 275 -> 459 -> 289 -> 543 -> 293 -> 458 -> 27 -> 865 -> 18 -> 1108 -> 10 -> 1058 -> 120 -> 808
206,276,False,0,no reachable relay,206
4,205,True,5,reached destination,4 -> 713 -> 431 -> 154 -> 664 -> 205
49,261,True,2,reached destination,49 -> 590 -> 261
75,54,True,4,reached destination,75 -> 917 -> 1012 -> 1016 -> 54
67,181,True,3,reached destination,67 -> 882 -> 948 -> 181
121,152,False,0,no reachable relay,121
227,145,True,2,reached destination,227 -> 748 -> 145
33,129,True,2,reached destination,33 -> 1039 -> 129
172,76,True,5,reached destination,172 -> 730 -> 420 -> 58 -> 1075 -> 76
146,279,False,0,no reachable relay,146
12,21,True,4,reached destination,12 -> 1007 -> 740 -> 999 -> 21
117,295,True,3,reached destination,117 -> 766 -> 897 -> 295
199,298,False,50,maximum hops reached,199 -> 889 -> 811 -> 190 -> 576 -> 124 -> 641 -> 229 -> 1044 -> 141 -> 682 -> 180 -> 853 -> 385 -> 565 -> 165 -> 462 -> 135 -> 667 -> 997 -> 1150 -> 1109 -> 40 -> 507 -> 305 -> 556 -> 170 -> 1068 -> 363 -> 188 -> 1007 -> 309 -> 204 -> 825 -> 279 -> 469 -> 93 -> 608 -> 55 -> 539 -> 343 -> 333 -> 292 -> 949 -> 266 -> 728 -> 212 -> 570 -> 118 -> 681 -> 36
42,291,False,0,no reachable relay,42
174,293,True,3,reached destination,174 -> 1046 -> 594 -> 293
181,54,True,6,reached destination,181 -> 965 -> 90 -> 1053 -> 802 -> 1049 -> 54
207,272,False,0,no reachable relay,207
202,217,True,2,reached destination,202 -> 708 -> 217
85,117,True,6,reached destination,85 -> 746 -> 176 -> 579 -> 957 -> 888 -> 117
154,231,False,50,maximum hops reached,154 -> 1045 -> 3 -> 928 -> 407 -> 580 -> 586 -> 255 -> 518 -> 21 -> 999 -> 379 -> 884 -> 433 -> 1001 -> 369 -> 352 -> 1132 -> 92 -> 984 -> 109 -> 603 -> 192 -> 1136 -> 423 -> 824 -> 400 -> 34 -> 892 -> 95 -> 886 -> 29 -> 1111 -> 123 -> 878 -> 280 -> 602 -> 39 -> 619 -> 23 -> 1041 -> 191 -> 1140 -> 193 -> 956 -> 245 -> 763 -> 1 -> 440 -> 79 -> 692
292,149,True,6,reached destination,292 -> 677 -> 20 -> 727 -> 809 -> 512 -> 149
77,110,True,5,reached destination,77 -> 884 -> 281 -> 1089 -> 627 -> 110
227,212,True,5,reached destination,227 -> 978 -> 193 -> 586 -> 578 -> 212
114,90,True,5,reached destination,114 -> 823 -> 105 -> 783 -> 880 -> 90
257,47,True,6,reached destination,257 -> 737 -> 105 -> 547 -> 937 -> 901 -> 47
12,156,True,5,reached destination,12 -> 600 -> 202 -> 1121 -> 1122 -> 156
65,244,False,50,maximum hops reached,65 -> 1094 -> 149 -> 547 -> 899 -> 706 -> 805 -> 808 -> 404 -> 755 -> 293 -> 780 -> 27 -> 898 -> 365 -> 449 -> 367 -> 1139 -> 337 -> 275 -> 594 -> 198 -> 865 -> 120 -> 615 -> 210 -> 955 -> 70 -> 458 -> 7 -> 463 -> 1058 -> 51 -> 549 -> 900 -> 182 -> 1158 -> 251 -> 583 -> 78 -> 1050 -> 31 -> 822 -> 17 -> 647 -> 58 -> 1043 -> 90 -> 480 -> 147 -> 505
114,68,True,2,reached destination,114 -> 658 -> 68
109,53,True,2,reached destination,109 -> 901 -> 53
