id,name,kind,shell_id,plane_id,inclination_deg,raan_deg,argp_deg,true_anomaly_deg,arg_of_lat_deg,semi_major_axis_km,altitude_km,eci_x_km,eci_y_km,eci_z_km,ecef_x_km,ecef_y_km,ecef_z_km,lat_deg,lon_deg,degree
0,STARLINK-5407,satellite,0,50,42.9819,52.5428,100.9591,179.22,280.1791,6861.5013,497.9122,4662.71843929189,-2043.633367655357,-4607.603489065608,-3687.0443345124418,-3510.4251396158097,-4607.603489065608,-42.3248,-136.4057,3
1,STARLINK-5406,satellite,0,50,42.9988,52.8723,95.8913,36.0826,131.9739,6868.3413,490.5879,-5745.840731851811,-1407.1500403052207,3479.781539470372,923.1047741610078,5843.16990405546,3479.781539470372,30.6219,81.0226,4
2,STARLINK-5547,satellite,0,83,42.9972,231.3591,105.8476,122.6816,228.5292,6865.0305,493.2609,-99.69768987004792,5900.9036235525755,-3508.353281063005,5480.822775520743,-2188.877545034084,-3508.353281063005,-30.8869,-21.7703,3
3,STARLINK-5704,satellite,0,3,43.0174,271.3153,132.5417,31.9508,164.4925,6869.487,484.6889,1189.288109161997,6641.348903737828,1251.6586051183813,5665.500042759102,-3663.881921305649,1251.6586051183813,10.574,-32.8908,3
4,STARLINK-5701,satellite,0,3,42.9891,271.2273,67.7958,172.2802,240.076,6866.1032,497.7394,-4426.718157118203,3332.2557023062204,-4058.9363744134857,4784.296184483852,2794.6863379001143,-4058.9363744134857,-36.3954,30.2908,4
5,STARLINK-5706,satellite,0,3,42.9789,271.132,86.8913,180.033,266.9243,6870.2388,506.7442,-5028.802957388892,269.5812174733895,-4680.102862708998,2192.370472208317,4533.767189616906,-4680.102862708998,-43.0799,64.1932,4
6,STARLINK-5141,satellite,0,3,42.9894,271.1947,72.9545,173.9941,246.9486,6875.4208,509.0915,-4685.0875559454225,2596.314695742986,-4315.879703913781,4205.41761063243,3317.432459958796,-4315.879703913781,-39.0341,38.268,4
7,STARLINK-5754,satellite,0,36,43.0135,296.6556,107.8804,36.9732,144.8535,6864.7014,483.3215,64.14970356745562,6306.870128374412,2693.2258790782553,5791.9071477961925,-2496.9056033331813,2693.2258790782553,23.2523,-23.321,3
8,STARLINK-5757,satellite,0,3,43.0242,271.0351,32.5683,327.9032,0.4716,6870.2526,485.3984,165.27970900581778,-6861.4361380769715,38.54287870059226,-6392.0519075564935,2499.6591108031234,38.54287870059226,0.3238,158.6416,4
9,STARLINK-5767,satellite,0,36,43.0243,296.5865,160.1723,32.5309,192.7031,6875.9895,492.8567,-3987.3346847986677,5499.311392350829,-1030.8471125109468,6613.097859646406,1551.8377419621672,-1030.8471125109468,-8.6823,13.2062,3
10,STARLINK-5703,satellite,0,36,43.0178,296.1992,12.9041,327.7416,340.6457,6869.1159,487.4962,1366.9441205786068,-6545.569890140933,-1552.0382937756165,-6565.203935909402,1269.2985052475647,-1552.0382937756165,-13.1462,169.0576,2
11,STARLINK-5948,satellite,0,20,42.9847,347.5164,91.3278,0.7552,92.083,6861.1555,489.7176,840.3401974727368,4948.836788648621,4672.651479811804,4239.405283936574,-2687.861612267487,4672.651479811804,43.1277,-32.3755,2
12,STARLINK-5939,satellite,0,58,42.9917,336.1376,85.0763,31.381,116.4573,6876.9528,502.2881,-979.5624069510092,5354.343615118145,4195.449065694397,5316.827945697633,-1166.1383510187702,4195.449065694397,37.7965,-12.3708,2
13,STARLINK-6126,satellite,0,57,42.9909,78.299,80.7613,33.1244,113.8857,6862.559,488.5139,-5054.819072201249,-1789.0681975446653,4276.040415154973,303.774358114091,5353.473826171898,4276.040415154973,38.7453,86.7523,4
14,STARLINK-5564,satellite,0,57,43.0109,78.1091,166.6036,43.6122,210.2158,6867.9268,489.7124,1249.7945784182123,-6325.827846942497,-2356.8031894098685,-6317.259337647409,1292.4081779002038,-2356.8031894098685,-20.193,168.4378,4
15,STARLINK-30107,satellite,0,88,43.0156,122.6499,16.1788,318.8199,334.9986,6866.0197,486.1323,-1569.8645608581646,6380.774728029635,-1978.6175030640934,6491.649731141559,-1018.4520791229158,-1978.6175030640934,-16.8566,-8.9163,2
16,STARLINK-6156,satellite,0,74,42.9884,129.7658,67.3169,173.3075,240.6244,6867.2865,499.525,5521.8100190296855,210.79888158560436,-4082.072192157386,-1939.883228835071,-5174.135204381383,-4082.072192157386,-36.6249,-110.552,4
17,STARLINK-6298,satellite,0,74,43.0173,128.9939,160.5306,37.1325,197.6631,6869.262,487.6102,5299.602539732345,-4125.6267168546665,-1421.0086779115895,-5853.3953584759165,-3293.0754111218184,-1421.0086779115895,-12.0191,-150.6382,2
18,STARLINK-5775,satellite,0,6,42.9846,143.3802,94.2558,184.3662,278.622,6876.5559,512.7971,2140.8018626087005,4609.914368524627,-4638.584981587283,3424.1672596535777,-3756.251013709707,-4638.584981587283,-42.5614,-47.648,4
19,STARLINK-6310,satellite,0,74,42.9806,129.5019,90.5655,189.1578,279.7233,6861.8553,498.1885,3082.7918169891836,4044.423101643994,-4614.093530973655,2538.5263024644596,-4406.45524471805,-4614.093530973655,-42.396,-60.0541,3
20,STARLINK-6255,satellite,0,51,42.9819,155.1731,100.4443,339.0956,79.5399,6865.6843,494.0349,-3203.6827423972095,-3957.5891238401214,4600.902232117254,-2411.7140759047884,4484.387360961811,4600.902232117254,42.2786,118.2715,3
21,STARLINK-30068,satellite,0,39,43.0173,191.3855,14.9843,325.4838,340.468,6866.5777,485.1059,-6671.116031521566,367.72474140016965,-1565.1698030177788,2917.6758084179005,6010.505674935746,-1565.1698030177788,-13.2642,64.1067,4
22,STARLINK-30070,satellite,0,12,43.0217,202.6442,32.5798,329.1625,1.7423,6867.5874,482.7155,-6270.320475014176,-2781.006224921833,142.32456385509926,-141.25303532018052,6857.912369114148,142.32456385509926,1.1961,91.18,4
23,STARLINK-30120,satellite,0,29,42.9817,38.7168,85.5937,180.1133,265.707,6861.1962,497.6708,2731.8500095739705,-4229.5702666823645,-4667.794844088966,-4956.768611606583,-884.7112786692458,-4667.794844088966,-43.0101,-169.8801,4
24,STARLINK-30133,satellite,0,29,43.0024,37.9706,135.5935,88.4605,224.054,6865.7127,492.3532,-1741.7530237437704,-5788.117873894216,-3255.96779629362,-4665.042201324847,3843.617225696712,-3255.96779629362,-28.4592,140.5142,4
25,STARLINK-30073,satellite,0,55,43.0175,223.8756,126.1591,32.3324,158.4915,6866.5367,482.418,5874.531426979928,3097.5884059950417,1715.694332779832,586.2115801626101,-6615.2497611815825,1715.694332779832,14.5721,-84.936,0
26,STARLINK-30135,satellite,0,29,42.9834,38.6122,88.0076,180.4194,268.4269,6861.1162,498.0178,2986.101844385117,-4041.038507591972,-4679.51662541114,-4881.163303076513,-1192.0743490154166,-4679.51662541114,-43.1413,-166.2759,3
27,STARLINK-5961,satellite,0,89,43.0058,1.7349,107.3833,36.1942,143.5774,6876.9191,495.9825,-5616.2757787199835,2814.4058665571088,2782.3904522761145,4766.483182668117,4091.952110385683,2782.3904522761145,24.0218,40.6456,4
28,STARLINK-5834,satellite,0,90,42.9891,27.6224,101.9041,319.9461,61.8502,6877.4066,502.8669,817.749316288428,5431.151189454014,4132.248133584304,4692.966242461171,-2853.451424874412,4132.248133584304,37.1279,-31.3007,1
29,STARLINK-6251,satellite,0,90,42.9933,26.99,101.5181,202.0503,303.5685,6876.6554,507.8032,5292.025987533557,-2009.570908497563,-3908.572103583141,-3898.8701640778677,-4103.989002503986,-3908.572103583141,-34.7908,-133.5318,4
30,STARLINK-6259,satellite,0,90,42.9868,27.0191,104.5555,187.5386,292.0941,6878.2361,512.6628,4425.215178063281,-2979.6312609230845,-4347.9322882733995,-4458.496657100409,-2929.597136443201,-4347.9322882733995,-39.3547,-146.6918,4
31,STARLINK-5150,satellite,0,84,43.0118,194.3182,62.4671,324.5,26.967,6877.3367,494.4956,-5369.891970399261,-3721.8330386313487,2125.3373757470918,-1356.9941938552602,6391.114746196427,2125.3373757470918,18.1247,101.9873,4
32,STARLINK-5485,satellite,0,79,43.0165,321.8987,49.1537,327.5279,16.6816,6869.4201,484.9104,6061.475133915926,-2922.800026187409,1343.8278296807828,-5038.532157505886,-4460.654042844086,1343.8278296807828,11.3621,-138.4813,4
33,STARLINK-6375,satellite,0,38,42.9898,180.3931,102.3056,197.1655,299.4711,6863.3746,495.1571,-3407.750706228729,4349.000433728445,-4075.7525819513007,5328.166933023967,1461.918869911246,-4075.7525819513007,-36.5862,15.343,4
34,STARLINK-6215,satellite,0,51,42.9832,154.4841,77.8342,174.3826,252.2169,6861.9215,497.1824,3952.885938218189,3413.1999734075625,-4457.644666934199,1620.0514342632684,-4964.944576666894,-4457.644666934199,-40.6583,-71.9286,3
35,STARLINK-30214,satellite,0,38,43.0141,179.7708,125.7421,32.1675,157.9095,6868.8902,484.9764,6350.393843055727,-1912.2255352248262,1760.3457962108475,-4218.172485908337,-5117.726969916609,1760.3457962108475,14.9542,-129.4963,3
36,STARLINK-30191,satellite,0,47,42.9983,118.1393,105.2164,199.9217,305.1381,6861.5901,491.7121,1756.7189950288607,5419.107845071832,-3827.5849870548795,4318.926831185847,-3714.789696722719,-3827.5849870548795,-34.0624,-40.6994,3
37,STARLINK-30171,satellite,0,3,43.0138,270.8185,56.1345,325.779,21.9136,6880.9087,496.7639,1966.5842171895144,-6349.4379759933045,1749.9453716747998,-6616.089180521712,640.4530034814336,1749.9453716747998,14.8376,174.4709,3
38,STARLINK-30213,satellite,0,86,43.0153,307.6809,129.1627,33.3076,162.4703,6869.2234,484.8129,-2803.7052143354595,6102.360041285234,1409.990615841763,6711.77941129338,227.108204397925,1409.990615841763,11.9295,1.938,4
39,STARLINK-30074,satellite,0,86,43.0197,307.6465,163.8278,27.6645,191.4923,6869.7372,486.3384,-4900.128518392912,4715.2704583139475,-933.0267650487194,6242.806853560298,2696.7383226698726,-933.0267650487194,-7.8606,23.3632,4
40,STARLINK-30157,satellite,0,71,42.9882,281.8115,72.6814,182.6174,255.2987,6861.5438,497.4384,-5112.001728344872,711.1778585526744,-4528.4708974820805,2631.804500105025,4439.813136870004,-4528.4708974820805,-41.4408,59.3417,4
41,STARLINK-30250,satellite,0,40,43.0204,293.2946,25.9512,327.8069,353.7581,6867.4592,483.2946,2196.327815524597,-6480.333113273133,-508.9684584190695,-6825.612059025616,479.1587961369205,-508.9684584190695,-4.2806,175.9844,3
42,STARLINK-30269,satellite,0,40,42.9876,293.5729,80.9445,173.8657,254.8101,6859.2648,494.6543,-5160.124273756389,-289.39532975848294,-4516.31612176607,1727.5959126864932,4870.938773990579,-4516.31612176607,-41.3259,70.4717,4
43,STARLINK-30270,satellite,0,40,43.0176,292.8589,158.7183,40.3245,199.0429,6866.6001,485.2305,-4028.334678748721,5341.392713871373,-1527.4980973901238,6483.299949106649,1650.6902125236836,-1527.4980973901238,-12.9392,14.2844,1
44,STARLINK-30138,satellite,0,75,43.0105,12.9083,6.8561,320.094,326.9501,6867.5087,490.168,6220.6786788077,-1383.1338567711482,-2553.9980692011054,-3680.0639130503373,-5202.598589799522,-2553.9980692011054,-21.9635,-125.2737,4
45,STARLINK-30255,satellite,0,75,43.0152,12.8209,61.2638,323.1109,24.3746,6869.1542,485.6286,5635.1023315904,3406.0358024438365,1931.9565661038177,963.2310724477982,-6513.650595180544,1931.9565661038177,16.4491,-81.5881,3
46,STARLINK-30245,satellite,0,75,42.9998,12.7594,98.5367,311.7351,50.2718,6866.3525,488.0018,3424.196221370179,4731.8150148072555,3598.283837957627,3040.534177441604,-4987.0176471124205,3598.283837957627,31.7953,-58.6298,4
47,STARLINK-30141,satellite,0,75,42.9972,12.7544,96.4075,318.0846,54.4921,6864.1453,488.0335,2984.1999543385473,4862.8245218308075,3808.023504283077,3331.429736795675,-4631.855741102771,3808.023504283077,33.8857,-54.2747,3
48,STARLINK-30056,satellite,0,75,43.0229,12.8388,22.5416,331.0718,353.6134,6869.991,485.4042,6774.32225015783,971.4507289808375,-520.9031658013124,-1722.472019535429,-6623.311000529749,-520.9031658013124,-4.3798,-104.5775,4
49,STARLINK-30323,satellite,0,75,42.9939,12.6279,110.5653,324.2165,74.7819,6861.7298,489.5524,698.5195004898068,5116.996159854277,4512.888213042758,4449.31213184523,-2622.0604008952196,4512.888213042758,41.3253,-30.5116,4
50,STARLINK-30311,satellite,0,17,42.9914,23.7201,90.0616,326.4251,56.4867,6861.4117,484.6975,1783.6311030902614,5350.638527987175,3897.782368776912,4245.376814085896,-3713.1453345531245,3897.782368776912,34.8152,-41.174,4
51,STARLINK-30328,satellite,0,75,42.9842,12.566,101.206,336.686,77.8919,6861.7347,489.4895,336.84042454084863,5100.842751271527,4571.81209539781,4574.210939028794,-2282.2472543686968,4571.81209539781,41.9851,-26.5163,3
52,STARLINK-30243,satellite,0,17,43.0,24.1582,90.8145,142.0276,232.8421,6861.813,491.2765,-2145.1956776686457,-5346.463491248227,-3730.317643046195,-4101.773738473804,4044.99549531332,-3730.317643046195,-33.0878,135.3993,1
53,STARLINK-30315,satellite,0,67,43.0089,49.3388,107.8403,36.783,144.6233,6864.5704,483.3334,-5846.040738955774,-2350.017170317023,2708.333693578064,92.24641474044459,6300.020922289301,2708.333693578064,23.3903,89.1611,4
54,STARLINK-30341,satellite,0,50,43.0175,52.702,134.2826,28.996,163.2787,6873.7688,489.7485,-5134.366597106805,-4356.362224235825,1347.9141056509195,-2033.2436400855838,6419.153564317226,1347.9141056509195,11.3889,107.5754,4
55,STARLINK-30281,satellite,0,67,43.0155,49.7288,24.0377,317.7371,341.7748,6866.6594,485.1631,5410.641592801258,3958.8793170491176,-1464.137996102227,1559.8667090379574,-6520.320831273973,-1464.137996102227,-12.394,-76.5459,4
56,STARLINK-30369,satellite,0,27,43.0063,125.84,17.1058,306.7279,323.8337,6864.4807,488.1163,-843.1619009885429,6225.436905661429,-2762.371958005409,6067.4984281953,-1628.6342380956862,-2762.371958005409,-23.8675,-15.0251,4
57,STARLINK-30387,satellite,0,77,42.9843,114.5424,101.6946,328.4387,70.1333,6862.1442,488.8473,-5260.219060507896,160.19056372557134,4397.601956306339,2180.9289463112586,4789.479565921432,4397.601956306339,40.0589,65.5175,4
58,STARLINK-30398,satellite,0,72,42.9889,165.9173,59.3047,186.2129,245.5176,6860.1289,492.6433,3870.0642384170887,3739.202270986525,-4258.542296731208,1952.7293243361141,-5014.566683044852,-4258.542296731208,-38.5303,-68.7235,3
59,STARLINK-30408,satellite,0,72,42.999,165.2788,93.91,37.6071,131.5171,6865.048,487.3035,3443.1482825018597,-4788.710855189838,3502.9214237681463,-5747.38514293029,-1324.6077792058504,3502.9214237681463,30.8637,-167.0216,4
60,STARLINK-30446,satellite,0,12,43.0109,202.5692,104.1666,38.9642,143.1309,6864.3189,484.2829,6221.802361560218,-672.7426199029975,2807.1448635092643,-3025.3183615707376,-5478.216504492425,2807.1448635092643,24.2931,-118.9095,3
61,STARLINK-30443,satellite,0,54,42.9914,245.574,91.8738,212.0135,303.8873,6863.8927,494.8159,-5379.035191575514,-1761.6021310498268,-3886.6162668400784,454.42230780632076,5641.875754258958,-3886.6162668400784,-34.6428,85.3951,2
62,STARLINK-30474,satellite,0,54,43.0119,245.4382,54.2163,327.4886,21.7049,6868.872,484.6556,-962.3243143497392,-6569.383251726442,1730.9819589340934,-5686.8539472200755,3426.741393370679,1730.9819589340934,14.6998,148.928,4
63,STARLINK-30499,satellite,0,25,42.9832,111.7355,83.8597,10.8702,94.7299,6858.6414,486.3882,-4432.834809204639,-2375.6989723477004,4657.462774460075,-477.67403701033095,5006.575433095611,4657.462774460075,42.9799,95.4501,4
64,STARLINK-30396,satellite,0,46,42.9973,267.8048,95.8549,35.8435,131.6984,6862.4836,484.4052,3916.5258480447465,4414.547742595019,3491.52580354374,2557.6287666757935,-5318.452931250389,3491.52580354374,30.7671,-64.3172,3
65,STARLINK-30528,satellite,0,46,43.0097,267.3251,12.1957,317.5171,329.7128,6865.2907,487.0302,-2804.6642223679514,-5801.3610647991945,-2360.869707874711,-4266.417988949221,4829.038118297407,-2360.869707874711,-20.2376,131.4603,4
66,STARLINK-30495,satellite,0,46,42.9871,267.5595,77.0218,174.9262,251.948,6859.4989,494.6487,-4678.851176089561,2328.290147901562,-4449.586827190146,3955.8133410470036,3415.278048944871,-4449.586827190146,-40.5877,40.8059,4
67,STARLINK-30512,satellite,0,46,42.9965,267.3066,85.3494,223.2013,308.5507,6862.1195,491.5324,-4122.579271710746,-4088.2080309469075,-3660.5253508283895,-2177.0079620009146,5382.354604559469,-3660.5253508283895,-32.3919,112.0219,4
68,STARLINK-30530,satellite,0,34,43.0184,358.352,17.6323,320.9198,338.5522,6868.8382,488.3558,6334.322998120362,-2018.3556293763208,-1712.5899411085577,-4309.842457524395,-5061.883570615952,-1712.5899411085577,-14.5322,-130.4121,2
69,STARLINK-30568,satellite,0,10,43.0134,319.0031,166.4519,49.4084,215.8603,6864.4654,487.9705,-6126.187170863864,1430.044265578804,-2742.4754354325714,3686.8054516177435,5097.319041995851,-2742.4754354325714,-23.6857,54.1224,3
70,STARLINK-30577,satellite,0,10,42.9937,318.5162,90.2461,323.5176,53.7637,6861.8151,484.594,5715.538909779379,345.58623903864077,3771.1039530841804,-1890.451900157195,-5404.905780030487,3771.1039530841804,33.5332,-109.2781,4
71,STARLINK-30567,satellite,0,10,42.9839,318.8721,80.7291,177.6114,258.3405,6858.9472,495.3651,-4279.4418344176665,-2791.802715569983,-4583.223339148379,-920.7280427630141,5025.937195001323,-4583.223339148379,-42.0692,100.3812,3
72,STARLINK-30569,satellite,0,79,42.9856,321.7537,80.724,31.0357,111.7597,6862.4151,488.9127,887.7291688219568,5233.4191949719,4342.996086850408,4483.55318399937,-2841.564779083307,4342.996086850408,39.4643,-32.3655,1
73,STARLINK-30590,satellite,0,75,43.0204,12.9383,151.6947,32.4517,184.1464,6870.0468,485.6266,-6590.704747405327,-1886.3979807562669,-338.59566613138304,807.6620145267217,6807.6110699395185,-338.59566613138304,-2.8453,83.234,4
74,STARLINK-30795,satellite,0,41,42.9832,63.6135,89.93,1.0497,90.9797,6861.1278,489.4809,-4545.53485303821,2124.2011514870997,4674.754852565957,3716.056430095454,3371.2078311060045,4674.754852565957,43.1537,42.2143,1
75,STARLINK-30799,satellite,0,41,43.005,63.7449,81.7376,321.5561,43.2936,6865.8969,486.5331,-876.450420145873,5999.710116349394,3208.5161025303496,5872.181777761999,-1510.684609082607,3208.5161025303496,28.0342,-14.4271,2
76,STARLINK-30754,satellite,0,41,42.9996,63.9102,96.2269,213.4159,309.6428,6862.3233,491.8988,5397.725817796395,2233.0264407896125,-3604.757000969249,-26.861260970213042,-5841.32943447212,-3604.757000969249,-31.8389,-90.2635,3
77,STARLINK-30783,satellite,0,59,42.9989,60.757,101.0276,128.2695,229.297,6862.4347,491.0432,1133.906100571628,-5764.492086152012,-3548.487640403844,-5754.75699430092,1182.3214422344602,-3548.487640403844,-31.2904,168.3901,3
78,STARLINK-30770,satellite,0,41,42.9871,64.078,77.4904,175.513,253.0034,6859.569,494.5177,3441.301500285949,-3903.399869852767,-4475.385726314731,-4930.166395570319,-1665.0963551176521,-4475.385726314731,-40.8731,-161.3383,4
79,STARLINK-30769,satellite,0,41,42.995,63.7245,89.9839,321.0933,51.0772,6864.6077,486.9616,-1592.0636639401898,5591.92806925526,3639.007224056792,5772.692391008253,-693.07200243477,3639.007224056792,32.203,-6.8462,4
80,STARLINK-30791,satellite,0,2,43.0211,74.5514,38.0103,326.6754,4.6857,6870.0348,484.885,1426.9370348393797,6702.066833136355,382.4994326917246,5629.642550762502,-3906.5296476369967,382.4994326917246,3.2149,-34.7576,4
81,STARLINK-30778,satellite,0,2,42.9882,74.8305,78.523,175.3037,253.8266,6859.2928,494.5333,4153.61380108944,-3106.943803767749,-4494.629197752533,-4470.934712436659,-2629.8954742537608,-4494.629197752533,-41.086,-149.5351,4
82,STARLINK-30760,satellite,0,2,42.9877,74.7105,102.532,185.526,288.058,6861.9743,497.1777,5167.535098397988,793.8611290034631,-4451.123574247434,-1265.2014622585025,-5072.76056454636,-4451.123574247434,-40.5865,-104.0045,3
83,STARLINK-30841,satellite,0,27,42.9837,125.9197,97.7337,185.2146,282.9483,6861.5803,497.6078,3061.821234786519,4117.792998732054,-4562.3267560039585,2614.299500071941,-4415.473539510793,-4562.3267560039585,-41.8178,-59.3712,4
84,STARLINK-30838,satellite,0,27,42.979,125.5713,97.5546,346.4791,84.0337,6858.8007,486.4252,-4471.479913022498,-2321.920145223619,4647.747601777579,-413.1377137419416,5021.43037419051,4647.747601777579,42.8687,94.7034,2
85,STARLINK-30837,satellite,0,27,43.0184,126.1404,164.3917,39.1482,203.5398,6868.6533,488.6046,5330.8062862893885,-3900.4713089593897,-1870.5814611690569,-5657.799872235432,-3408.881444064983,-1870.5814611690569,-15.9055,-148.9306,3
86,STARLINK-30813,satellite,0,27,42.9887,125.4785,79.0222,34.6326,113.6548,6862.5945,488.6825,-2145.020386092765,-4908.005579433063,4283.546157461946,-3697.4603757349496,3875.3603696133337,4283.546157461946,38.8247,133.6543,4
87,STARLINK-30818,satellite,0,27,43.0128,125.3941,113.4743,33.2079,146.6822,6867.3657,484.9564,1074.220413937938,-6268.924549013338,2570.47114620431,-6196.915335449558,1432.3424256137807,2570.47114620431,22.1303,166.9853,2
88,STARLINK-30855,satellite,0,27,42.99,126.0365,76.502,169.6461,246.1481,6860.0828,493.6946,5345.804852816411,456.969038147912,-4280.311360275193,-1644.8155303783267,-5106.959183041076,-4280.311360275193,-38.7563,-107.8524,4
89,STARLINK-30872,satellite,0,62,43.0089,343.8041,11.6576,313.8773,325.5349,6864.6976,487.8656,4641.510372183578,-4305.424468483553,-2649.1088492290205,-5764.8524481947725,-2616.6342196507617,-2649.1088492290205,-22.834,-155.587,3
90,STARLINK-30866,satellite,0,82,42.9918,216.4547,104.9337,196.1391,301.0729,6863.4607,495.0953,-5406.163317271248,1354.1712080326497,-4010.0396633646155,3338.5244427989614,4462.581766030485,-4010.0396633646155,-35.9054,53.1993,2
91,STARLINK-30886,satellite,0,82,42.998,216.682,92.7642,138.2625,231.0267,6862.1922,491.1413,1130.6111694689266,5708.301386181684,-3638.8427170668574,4827.648556116483,-3249.12230465984,-3638.8427170668574,-32.1793,-33.9415,3
92,STARLINK-30873,satellite,0,82,43.0075,216.4002,10.8538,312.3958,323.2496,6866.7957,490.8312,-6210.1844658259515,-846.5526209013493,-2801.888062038289,1619.6116461527222,6054.741989150931,-2801.888062038289,-24.22,75.0243,3
93,STARLINK-30883,satellite,0,82,42.9879,216.4728,107.5893,185.1362,292.7255,6862.4433,496.191,-4886.607722228124,2148.4381002291098,-4318.000365802883,3870.2417260016264,3676.404532117154,-4318.000365802883,-39.1444,43.5287,2
94,STARLINK-30832,satellite,0,71,42.9809,282.5867,83.1373,10.8729,94.0102,6861.1236,489.4765,4779.897613097868,1558.657601036118,4663.817553517073,-410.01443906247533,-5010.860491844354,4663.817553517073,43.0285,-94.6778,4
95,STARLINK-30891,satellite,0,71,42.9826,282.148,93.5155,186.3344,279.8499,6861.3742,497.1604,-4590.612940047629,-2189.554205626479,-4611.82403125738,-245.01171919896274,5080.1421281460725,-4611.82403125738,-42.3782,92.7612,4
96,STARLINK-30859,satellite,0,71,43.0055,282.422,105.4135,37.1596,142.5732,6866.8047,485.9027,1805.7020149274288,5976.344904027341,2843.793366498458,4813.922625715402,-3975.3499383364824,2843.793366498458,24.6246,-39.55,2
97,STARLINK-30952,satellite,0,62,43.0198,344.2037,161.3237,36.9905,198.3142,6866.6819,485.1259,-6697.820382518675,256.43139659203445,-1471.1472933261184,2825.353952051383,6078.151855890767,-1471.1472933261184,-12.4543,65.0692,4
98,STARLINK-30919,satellite,0,62,43.0034,343.644,80.9646,322.3457,43.3103,6863.4509,484.1129,5756.691159536171,1895.6523158963075,3208.276176818629,-476.7626488323137,-6041.993726057925,3208.276176818629,28.0427,-94.5118,4
99,STARLINK-30931,satellite,0,60,42.9887,332.798,103.5913,186.2228,289.8141,6859.7601,494.2479,-89.9625860247749,-5264.508389515771,-4402.877796443439,-4820.580160748528,2117.8169807525614,-4402.877796443439,-40.0785,156.2828,2
100,STARLINK-30899,satellite,0,62,43.0198,343.7698,48.605,326.4481,15.053,6866.987,482.3322,6724.457762508157,-600.8743487986843,1215.4843674239864,-3153.3228418272934,-5969.584343822499,1215.4843674239864,10.2687,-117.8444,4
101,STARLINK-30958,satellite,0,60,43.0102,332.7801,11.9378,313.2664,325.2042,6864.78,488.2211,3701.8386420859965,-5124.60256413409,-2671.526402536058,-6157.160880206669,-1433.363410870883,-2671.526402536058,-23.0368,-166.8952,3
102,STARLINK-30956,satellite,0,60,43.0192,332.5958,164.5348,32.8064,197.3412,6869.3789,487.558,-6505.983694234709,1687.9114589126468,-1395.9599245039626,4071.430860599483,5347.926670227883,-1395.9599245039626,-11.8043,52.7176,2
103,STARLINK-30997,satellite,0,0,42.9839,355.1252,84.957,177.0989,262.0559,6858.8009,494.9179,-1367.687269251989,-4874.022335377938,-4634.431190893142,-3966.5743448386197,3145.306051738852,-4634.431190893142,-42.6515,141.5872,3
104,STARLINK-30987,satellite,0,0,43.0213,355.326,150.4731,33.9553,184.4285,6867.5045,483.2345,-6849.6402856887835,171.38879013024263,-361.46109423406006,2805.602500441178,6251.043174561446,-361.46109423406006,-3.0387,65.8284,3
105,STARLINK-31000,satellite,0,0,42.992,355.197,73.333,174.7061,248.0392,6859.8446,493.8121,-2947.538657001951,-4424.684182555003,-4340.515247231866,-2941.511894636614,4428.693037859433,-4340.515247231866,-39.4038,123.5919,3
106,STARLINK-30953,satellite,0,13,43.0076,199.0466,71.0871,323.5659,34.653,6864.6184,483.1239,-4402.061464317602,-4536.487792959142,2659.8369233790413,-2482.4216712852603,5813.385354269114,2659.8369233790413,22.9485,113.1234,4
107,STARLINK-30982,satellite,0,16,42.9863,35.3063,98.6946,183.6657,282.3602,6859.0269,495.2352,4033.652930498197,-3153.403042409397,-4571.465668322963,-4467.415686584513,-2501.300420751604,-4571.465668322963,-41.938,-150.7556,4
108,STARLINK-31003,satellite,0,16,42.9858,34.5631,77.9401,169.8594,247.7995,6859.9117,494.4606,501.6180458174434,-5299.80952752005,-4333.083596443852,-5081.796404593513,1585.8584407640087,-4333.083596443852,-39.319,162.6686,4
109,STARLINK-31015,satellite,0,16,42.9976,34.625,126.6209,99.9576,226.5785,6862.8494,490.2296,-1810.3634515403487,-5680.52805158813,-3399.463620105149,-4539.2948092928855,3865.309483842063,-3399.463620105149,-29.8452,139.5849,3
110,STARLINK-31009,satellite,0,16,42.9831,34.9362,94.5875,350.4935,85.081,6858.672,486.4172,-2379.241697442267,4432.34246905651,4656.173565695073,5007.490697256253,481.1317228597649,4656.173565695073,42.965,5.4883,5
111,STARLINK-31052,satellite,0,26,43.0148,100.05,155.5582,49.0319,204.5901,6868.5232,488.8801,3146.1728830060415,-5782.355635367642,-1948.8765955531442,-6549.016790003523,-666.6480239844889,-1948.8765955531442,-16.5891,-174.1877,3
112,STARLINK-31071,satellite,0,31,43.0057,300.2335,77.9947,323.4819,41.4766,6863.6434,483.7661,5456.633619427753,-2766.595602559838,3097.857575511873,-4660.683571280892,-3963.19698389634,3097.857575511873,27.0002,-139.6239,2
113,STARLINK-31085,satellite,0,26,43.0151,100.4705,53.8549,326.3568,20.2117,6869.0563,484.8127,-2874.7077531719106,6016.997246117592,1617.2518559335874,6660.494998202444,325.5870157939444,1617.2518559335874,13.7145,2.7986,4
114,STARLINK-31061,satellite,0,26,43.021,100.5041,28.2024,327.4801,355.6825,6867.5016,483.0955,-875.9746717694056,6795.896496496376,-352.40963318442095,6606.30494471973,-1818.8666234897134,-352.40963318442095,-2.9626,-15.3934,4
115,STARLINK-31092,satellite,0,34,42.9947,358.4981,81.5867,35.1711,116.7578,6860.4017,485.7524,-2968.2581620103106,4556.9456344670225,4174.634592405472,5350.077340203248,976.2082184004687,4174.634592405472,37.6834,10.3408,2
116,STARLINK-31058,satellite,0,37,42.9869,16.5714,99.5734,184.9692,284.5426,6859.1695,494.5447,3037.852398705346,-4166.372686804797,-4529.709523716379,-5016.759261391018,-1191.358499747364,-4529.709523716379,-41.4759,-166.6411,3
117,STARLINK-31157,satellite,0,8,42.9824,151.0253,84.9703,179.0211,263.9914,6858.7332,495.3491,3047.5593292655417,4020.5183216900236,-4653.734359036959,2530.0975114803637,-4364.7212995607715,-4653.734359036959,-42.8677,-59.9004,4
118,STARLINK-31108,satellite,0,8,43.0027,151.1506,150.2902,71.3581,221.6484,6863.7754,489.5695,6101.472644459865,447.06530508989556,-3110.790200860107,-1946.0314797663586,-5800.068732167364,-3110.790200860107,-27.097,-108.5476,4
119,STARLINK-31189,satellite,0,61,43.0084,96.4368,72.5342,323.4161,35.9503,6864.5132,482.933,-3547.8249335200976,5186.387205396869,2746.157550124232,6154.614014321918,1267.438494730006,2746.157550124232,23.738,11.6364,4
120,STARLINK-31184,satellite,0,61,43.0192,96.5212,14.0723,325.2938,339.3661,6866.4697,485.2573,1027.2080395176793,6581.198902754672,-1649.7899904740646,5672.6723281203185,-3491.1493826313226,-1649.7899904740646,-13.9949,-31.6095,1
121,STARLINK-31238,satellite,0,38,43.0117,180.2427,165.3308,40.9094,206.2403,6865.8448,486.629,6146.130624894475,2244.780848182065,-2069.8392875031404,-305.295032510423,-6536.111814967305,-2069.8392875031404,-17.6569,-92.6743,1
122,STARLINK-31196,satellite,0,38,43.0138,180.756,7.5529,325.2314,332.7843,6865.6861,486.3049,-6132.377120599135,2214.0672444334286,-2140.9645204379785,4412.286988926459,4799.986087424739,-2140.9645204379785,-18.2853,47.4099,3
123,STARLINK-31201,satellite,0,38,42.9807,180.0254,96.7322,187.3281,284.0603,6859.1604,494.5392,-1669.550286744536,4869.90535358509,-4538.888053478037,5136.735281665244,-342.5302306964586,-4538.888053478037,-41.5784,-3.815,2
124,STARLINK-31211,satellite,0,10,42.9803,318.2807,98.6446,336.6766,75.3213,6859.1904,486.322,4525.134846881441,2465.1901655319666,4520.935223952031,524.5340469445699,-5126.2922242388995,4520.935223952031,41.4388,-84.1577,4
125,STARLINK-31208,satellite,0,10,42.9885,318.9932,81.7079,28.1726,109.8805,6859.6799,486.2464,1335.0771175120778,5088.462056609022,4395.898729059893,4176.952414494454,-3198.115935719501,4395.898729059893,40.0586,-37.4398,3
126,STARLINK-31235,satellite,0,1,43.0192,315.0195,21.4059,326.3103,347.7162,6867.1505,484.016,3988.0186472315877,-5494.239766091984,-995.9768260995942,-6608.684764661593,-1554.4288402185216,-995.9768260995942,-8.3975,-166.764,3
127,STARLINK-31205,satellite,0,1,42.9838,315.216,90.2575,179.7529,270.0104,6858.5036,495.7537,-3536.292385904401,-3564.819089014838,-4679.763034228704,-1920.9091756950324,4639.332593675587,-4679.763034228704,-43.1619,112.4919,2
128,STARLINK-31276,satellite,0,30,42.9849,241.8306,81.4961,174.4636,255.9597,6859.1376,494.7967,-3507.9128141693823,3767.3683392125595,-4539.807986798629,4830.453900017015,1779.109787204084,-4539.807986798629,-41.5868,20.2193,4
129,STARLINK-31286,satellite,0,30,43.0223,242.0084,139.7828,31.2628,171.0456,6867.3789,482.2652,3869.834285668706,5617.422478454038,728.5203190072923,3685.063797869365,-5740.327299519632,728.5203190072923,6.134,-57.3011,2
130,STARLINK-31290,satellite,0,15,42.9822,227.9659,79.4229,180.0348,259.4577,6858.9098,495.135,-2825.68682102313,4238.039741693439,-4600.443184786429,5000.849797372116,967.9814909387778,-4600.443184786429,-42.265,10.9549,4
131,STARLINK-31266,satellite,0,30,43.008,242.0381,113.7196,36.1521,149.8717,6865.3134,482.8442,5004.87718808152,4059.0547130217124,2348.1509979804414,1809.0932191221227,-6184.8122490184705,2348.1509979804414,20.1368,-73.6955,1
132,STARLINK-31307,satellite,0,30,43.0158,242.0312,122.4504,34.545,156.9954,6866.2101,482.5363,4692.08752264652,4657.045219902193,1828.6987457056239,2481.5080784682264,-6127.4687397722355,1828.6987457056239,15.5546,-67.953,2
133,STARLINK-31298,satellite,0,29,42.9947,38.5581,82.1599,153.5638,235.7238,6861.5483,492.3523,-437.03339243605984,-5653.324086829083,-3867.6868247866964,-5045.026871798208,2588.199234923782,-3867.6868247866964,-34.4647,152.8413,5
134,STARLINK-31340,satellite,0,34,43.0016,358.9657,99.259,38.1783,137.4373,6863.2585,483.8317,-4988.678996765532,3482.784579959929,3163.4234374042317,5140.336018725934,3254.7891141769887,3163.4234374042317,27.6187,32.3414,3
135,STARLINK-31395,satellite,0,17,42.9891,24.4986,82.9721,177.7485,260.7205,6858.8572,495.0496,1047.51682810207,-4967.677629196294,-4618.682252861483,-4986.479356786731,954.0105644667315,-4618.682252861483,-42.4719,169.1691,4
136,STARLINK-31498,satellite,0,17,43.0084,24.3235,39.5135,277.7273,317.2408,6863.4697,489.7134,5995.2343671660965,-1029.3485071500731,-3178.329412088925,-3266.635538529963,-5131.421413685939,-3178.329412088925,-27.7339,-122.4806,4
137,STARLINK-31590,satellite,0,17,42.9936,24.3775,102.1622,193.8908,296.053,6860.3349,493.9271,4607.574167417124,-2863.973314506539,-4205.071174135859,-4422.3132957577955,-3142.487544703877,-4205.071174135859,-37.9526,-144.6025,4
138,STARLINK-31567,satellite,0,17,43.0046,23.8862,104.2574,37.0306,141.288,6864.0608,483.4253,-6162.720024051594,701.0349036400974,2925.2158349572187,3028.5751787605204,5412.790446485421,2925.2158349572187,25.3878,60.772,1
139,STARLINK-31444,satellite,0,81,43.0169,5.5616,171.8191,37.3352,209.1543,6863.9435,485.1715,-5726.682381128281,-3012.989744786471,-2280.2315232128676,-565.3347483748989,6446.192280625316,-2280.2315232128676,-19.5238,95.012,2
140,STARLINK-31494,satellite,0,2,43.0187,74.8095,21.188,324.2983,345.4863,6867.0451,484.4942,2954.0582588989064,6081.458207598391,-1173.2409774292819,4467.002056635769,-5075.084901136776,-1173.2409774292819,-9.905,-48.6463,4
141,STARLINK-31303,satellite,0,41,42.9991,64.2364,92.1064,323.2567,55.3631,6861.5378,484.948,-2021.7953336819037,5302.8807166579745,3847.2162646928023,5672.210273850137,-185.01587939921046,3847.2162646928023,34.2995,-1.8682,4
142,STARLINK-31408,satellite,0,2,42.9956,75.3162,88.8173,37.4636,126.2808,6861.777,484.9793,-4939.154958039466,-2900.086163846675,3769.3058517463232,-765.6023611487395,5676.231538782067,3769.3058517463232,33.513,97.6816,4
143,STARLINK-31405,satellite,0,2,43.0235,75.2076,150.338,32.5563,182.8943,6867.5831,482.8801,-1504.6128928954831,-6689.803594704385,-236.37620810869976,-5588.309009253022,3973.4285585988005,-236.37620810869976,-1.9867,144.5862,3
144,STARLINK-31393,satellite,0,59,43.0237,60.496,145.1451,34.9893,180.1344,6867.6098,482.8941,-3368.695453794107,-5977.08266264061,-10.98355066407642,-4210.472306533739,5417.153235082472,-10.98355066407642,-0.0923,127.8561,4
145,STARLINK-31487,satellite,0,19,42.9822,162.4417,83.8933,10.5485,94.4418,6858.7678,486.4874,-1002.1275879723433,-4926.8367882594575,4659.3138242842915,-4156.580793305345,2828.5714679758657,4659.3138242842915,43.0003,145.7645,4
146,STARLINK-31500,satellite,0,19,43.0163,162.271,121.041,37.2038,158.2449,6866.4125,482.3328,5501.98034700434,-3710.453222477801,1734.3462034156787,-5548.712398209532,-3640.198013429175,1734.3462034156787,14.7342,-146.7334,4
147,STARLINK-31282,satellite,0,19,42.9877,162.3675,80.6892,35.0355,115.7247,6860.4058,485.3916,1467.320276209395,-5206.829103397659,4211.046821262698,-5369.307166697279,659.2713057742761,4211.046821262698,38.0719,173.0,4
148,STARLINK-31477,satellite,0,51,42.9883,154.7394,99.0476,329.7181,68.7656,6859.8017,486.4243,-4240.44929546235,-3167.9336237641555,4357.309887287016,-1282.6976476310242,5135.357866470892,4357.309887287016,39.6368,104.0243,4
149,STARLINK-31349,satellite,0,19,43.0041,162.1773,172.1938,42.5445,214.7383,6864.7533,488.1933,6244.527483024215,996.5273414268805,-2667.3548265854956,-1494.5672265737055,-6144.384349445259,-2667.3548265854956,-22.9989,-103.6712,3
150,STARLINK-31578,satellite,0,47,43.0201,118.1484,145.0459,33.1655,178.2114,6867.5945,482.7171,3097.022450165749,-6120.317994856809,146.1011251621268,-6841.715129067553,-490.6877904399995,146.1011251621268,1.2278,-175.8978,4
151,STARLINK-31611,satellite,0,47,43.0199,119.0081,149.6508,34.7873,184.4381,6867.5638,483.3707,3656.8602637360914,-5794.4471956534435,-362.244644854973,-6757.560306759801,-1132.9713112927552,-362.244644854973,-3.0452,-170.4823,4
152,STARLINK-31599,satellite,0,47,42.9822,118.3834,91.6254,354.5377,86.1631,6858.6805,487.0345,-4620.362115832292,-1975.075434286851,4663.2402688890415,-35.70346342596507,5024.67852854698,4663.2402688890415,43.041,90.4071,4
153,STARLINK-31493,satellite,0,47,43.0025,118.512,80.8227,322.8942,43.7169,6863.2967,483.9909,-5411.295354639735,2700.767947150471,3232.2006711886415,4582.447799084713,3946.826204453981,3232.2006711886415,28.2707,40.7381,3
154,STARLINK-31562,satellite,0,69,42.9879,133.6024,76.1233,167.6406,243.7639,6860.4119,493.8258,5353.960150667047,908.6735992011094,-4197.988628324408,-1231.3694882015138,-5289.074227910036,-4197.988628324408,-37.8783,-103.1058,4
155,STARLINK-31416,satellite,0,39,42.9839,191.4139,76.2274,31.1452,107.3726,6859.5635,486.59,2953.7185955503996,-4286.688741168415,4460.9156387716275,-5095.204861217208,-1067.2587912914075,4460.9156387716275,40.7705,-168.1697,2
156,STARLINK-31557,satellite,0,78,43.0191,187.3062,53.6256,327.2207,20.8464,6866.4161,482.1482,-6131.019811520182,-2585.272692935036,1665.2648388560872,-14.57456141822526,6653.782864525112,1665.2648388560872,14.1354,90.1255,4
157,STARLINK-31537,satellite,0,39,43.0204,191.675,41.6424,326.8439,8.4863,6867.3581,482.1029,-6494.765826631445,-2097.824731533535,690.6890945610706,575.5848105903892,6800.849496410799,690.6890945610706,5.8145,85.1623,4
158,STARLINK-31583,satellite,0,38,43.0165,180.4094,55.0959,327.4447,22.5406,6866.2482,482.3571,-6321.156206353474,-1967.658265617108,1793.748384154523,628.5309146033136,6590.420603023777,1793.748384154523,15.2506,84.5522,3
159,STARLINK-31401,satellite,0,87,43.0017,340.8078,98.2762,132.6159,230.8921,6862.1605,491.0412,-5368.910445061644,-2255.119504006782,-3632.124579490025,-4.652501368575954,5823.293028748839,-3632.124579490025,-32.1134,90.0458,3
160,STARLINK-31733,satellite,0,3,43.021,270.9522,33.9315,326.5235,0.455,6867.5997,482.7413,153.8435149118122,-6859.051864329171,37.17252074030685,-6385.43260258147,2509.284914577762,37.17252074030685,0.3124,158.5467,4
161,STARLINK-31638,satellite,0,3,42.981,271.1483,93.211,182.4637,275.6747,6858.7039,495.5302,-4982.209630676704,-778.6934951726558,-4656.499252277122,1207.557974864523,4895.9759089249,-4656.499252277122,-42.8978,76.1449,3
162,STARLINK-31670,satellite,0,71,43.0207,282.6672,136.871,32.8448,169.7158,6867.2976,482.3586,-606.555004380202,6782.0269084849315,835.6008680256516,6489.376772782882,-2061.986193362694,835.6008680256516,7.0396,-17.6275,2
163,STARLINK-31712,satellite,0,71,43.0151,282.6581,128.6823,33.9729,162.6552,6866.7799,482.3154,24.092475355625012,6716.161731941837,1395.0661452878674,6184.871735830817,-2618.1616581658664,1395.0661452878674,11.8058,-22.9438,3
164,STARLINK-31684,satellite,0,45,42.9926,278.8557,100.8663,200.4951,301.3614,6861.0306,492.6915,-3685.830200302787,-4189.392746701278,-3996.5044244554824,-2439.141591122183,5018.659596947706,-3996.5044244554824,-35.7803,115.9204,3
165,STARLINK-31535,satellite,0,45,42.9912,279.0557,80.0404,157.7315,237.7719,6861.1559,492.6641,-4770.163454887737,2946.2608521029465,-3959.163088386744,4561.049747861317,3260.6345383245744,-3959.163088386744,-35.3963,35.5605,4
166,STARLINK-31524,satellite,0,66,43.016,264.3035,123.7942,33.6026,157.3968,6866.2494,482.3685,2546.5328149500874,6109.583759631365,1798.453989493002,4650.45909109308,-4710.103325367572,1798.453989493002,15.2915,-45.3651,4
167,STARLINK-31635,satellite,0,76,43.0143,249.1943,62.1231,325.6643,27.7874,6865.6741,482.7327,30.206802778068155,-6502.534812681963,2181.2533510665135,-6008.835670167898,2485.511080239399,2181.2533510665135,18.6518,157.5279,4
168,STARLINK-31453,satellite,0,83,42.9921,231.735,97.6193,206.472,304.0913,6861.3341,491.8556,-5646.515002760388,-445.77590126947945,-3875.6942270080053,1771.369711700928,5379.971856340823,-3875.6942270080053,-34.5489,71.7757,2
169,STARLINK-31392,satellite,0,76,43.0118,249.609,170.105,40.8888,210.9938,6865.1588,487.1349,-372.3763621062219,6414.498772575216,-2410.628750686537,6059.897688970264,-2135.906987122161,-2410.628750686537,-20.6828,-19.4158,4
170,STARLINK-31734,satellite,0,66,43.0063,264.1798,73.5226,323.9255,37.4481,6864.2846,483.5332,2481.552860042934,-5725.740792309064,2844.2310917324417,-6239.912031779368,-75.5648963102033,2844.2310917324417,24.6378,-179.3062,4
171,STARLINK-31721,satellite,0,56,42.9882,274.7653,105.8007,186.486,292.2868,6859.9009,493.7745,-4413.184156563717,-2979.801068353056,-4330.187145884277,-1042.4209319187785,5221.9505366673675,-4330.187145884277,-39.2924,101.2892,4
172,STARLINK-31539,satellite,0,56,43.0148,275.0984,115.9411,34.879,150.8202,6865.4968,482.7196,1903.1503237384936,6181.679517273642,2281.145014219309,4965.632827698194,-4144.590863946942,2281.145014219309,19.5393,-39.8502,4
173,STARLINK-31332,satellite,0,31,43.0057,300.325,160.8233,57.1529,217.9762,6864.1726,488.6322,-5397.160823552911,3110.3885192862845,-2880.4070649334603,4954.769502346286,3775.4630013842543,-2880.4070649334603,-24.9522,37.3069,4
174,STARLINK-31470,satellite,0,36,42.9844,297.1139,76.246,25.8361,102.0821,6858.998,486.812,3711.0086599096767,3512.2437877489615,4570.485491971734,1804.8883929851397,-4780.1484900966525,4570.485491971734,41.9903,-69.3145,4
175,STARLINK-31701,satellite,0,31,42.9903,300.5274,81.0832,30.5536,111.6368,6859.5174,485.8849,2731.1247550468884,4545.014270660188,4345.159700940232,3136.138620184023,-4275.60892775812,4345.159700940232,39.5086,-53.7401,4
176,STARLINK-31697,satellite,0,31,43.012,300.3461,166.79,37.0774,203.8674,6866.0951,485.9504,-4922.739237434366,4390.0091583095045,-1894.1216011846282,5951.564279203163,2843.3122657088065,-1894.1216011846282,-16.1175,25.5358,4
177,STARLINK-31778,satellite,0,23,43.0219,326.2754,30.3282,324.4665,354.7947,6867.5377,483.9563,5431.007913742654,-4172.640899252071,-424.75436020470585,-5947.546631754825,-3396.09600811701,-424.75436020470585,-3.571,-150.2733,4
178,STARLINK-31755,satellite,0,60,42.9936,333.3141,108.1504,188.4123,296.5628,6860.4133,493.1644,725.6920775489792,-5390.211241796096,-4186.191276616714,-5251.781584716171,1414.1415802664424,-4186.191276616714,-37.7577,164.9295,2
179,STARLINK-31774,satellite,0,23,42.9842,326.1051,106.8559,325.7716,72.6275,6859.4675,486.3109,4368.184837361701,2831.3693445893323,4460.762568850808,922.9184789351478,-5123.076480014419,4460.762568850808,40.7708,-79.7877,5
180,STARLINK-31798,satellite,0,65,43.003,71.6415,60.2711,254.0656,314.3367,6863.0157,490.4306,4918.1369230853925,3421.823435333889,-3348.1561554225113,1254.9143196191646,-5858.509747984622,-3348.1561554225113,-29.35,-77.9097,4
181,STARLINK-31727,satellite,0,65,42.9909,71.6994,103.9145,189.2148,293.1293,6860.0292,493.8654,5229.954996665549,1109.9852543115776,-4303.963219297476,-997.7730326085458,-5252.518015898206,-4303.963219297476,-39.0091,-100.7558,4
182,STARLINK-31789,satellite,0,65,43.0114,71.1722,118.0205,34.5007,152.5212,6865.6084,482.6867,-4154.0503543305185,-5012.496348435729,2158.810314831404,-3017.2966621934606,5768.637173692866,2158.810314831404,18.4532,117.6119,3
183,STARLINK-31764,satellite,0,65,43.0207,71.1361,140.9451,32.7843,173.7294,6867.501,482.5191,-2723.3099442132866,-6276.079921070671,511.2427877493815,-4735.687048766658,4937.495762434754,511.2427877493815,4.3003,133.8048,3
184,STARLINK-31909,satellite,0,60,43.0018,332.9253,79.2925,231.6977,310.9902,6862.4909,490.8322,2284.0604133134566,-5422.5337050095995,-3533.248722687622,-5883.934994587176,-10.617584620731387,-3533.248722687622,-31.1423,-179.8966,4
185,STARLINK-31866,satellite,0,23,43.0122,325.8936,6.7502,327.172,333.9222,6865.9041,486.1601,3866.728733551145,-5282.603211572989,-2057.809938017015,-6366.615356278902,-1524.367637738664,-2057.809938017015,-17.5523,-166.5351,4
186,STARLINK-32080,satellite,0,0,42.9813,355.3196,89.0312,180.0752,269.1065,6858.608,496.5052,-516.4265426404389,-4995.950019364665,-4679.490426219711,-4408.056518057461,2407.3326948189965,-4679.490426219711,-43.1529,151.3601,3
187,STARLINK-32089,satellite,0,80,43.0223,351.2399,149.7432,32.5981,182.3413,6867.5095,482.9619,-6806.593391746043,841.5248261086305,-191.2367784242658,3407.0172440625797,5952.3198109794375,-191.2367784242658,-1.6072,60.2138,4
188,STARLINK-32098,satellite,0,80,43.0199,351.6391,55.9532,323.3743,19.3276,6866.6644,482.6895,6645.692837633781,701.010819009861,1548.956136709718,-1922.1753870308835,-6400.1477515787465,1548.956136709718,13.1291,-106.7167,4
189,STARLINK-31849,satellite,0,18,43.0159,108.1434,56.2887,325.2046,21.4933,6866.4114,482.3302,-3733.5253716305365,5492.632568760022,1714.461148968098,6508.83532767861,1320.3359092197456,1714.461148968098,14.5616,11.467,4
190,STARLINK-31661,satellite,0,18,42.9846,107.9769,99.5049,345.6675,85.1724,6858.6973,486.9864,-4931.165690454487,-993.5020745379846,4657.329803995733,989.7146570079333,4931.927243637159,4657.329803995733,42.9738,78.6529,4
191,STARLINK-31870,satellite,0,68,43.0167,140.0602,58.5413,324.9454,23.4866,6866.1573,481.9372,-6105.884299953155,2505.959836181326,1864.7202868262616,4671.253743166941,4662.7294851746665,1864.7202868262616,15.8703,44.9477,4
192,STARLINK-31888,satellite,0,68,43.013,140.1451,10.1317,316.9107,327.0423,6864.9093,487.6003,-2671.0743474811425,5785.904106990279,-2546.8474037047,6368.653625087286,227.10241901253698,-2546.8474037047,-21.9076,2.0423,4
193,STARLINK-31896,satellite,0,11,42.9786,205.8517,98.3058,181.7955,280.1013,6858.8337,495.2307,-3239.0238336020125,3924.0527766448695,-4606.6322647802135,4871.0294764216105,1470.556842957114,-4606.6322647802135,-42.3342,16.799,1
194,STARLINK-31892,satellite,0,11,43.0208,206.0978,151.4678,29.4253,180.893,6867.6264,483.788,6127.167122422514,3088.4430712940407,-72.9673774002082,480.1278620749325,-6844.715829512494,-72.9673774002082,-0.6131,-85.9875,2
195,STARLINK-31882,satellite,0,13,42.9883,198.8859,99.6681,189.2108,288.8789,6859.4897,494.2781,-3638.919298339152,3775.9297015791085,-4428.105566084582,4888.986713405401,1896.6253418210622,-4428.105566084582,-40.3544,21.2032,2
196,STARLINK-31654,satellite,0,12,42.98,202.0732,90.3994,10.8223,101.2218,6858.9477,485.5612,3084.43979542818,-4056.78304627661,4583.403388854474,-4933.693924838925,-1276.6839045691145,4583.403388854474,42.1453,-165.4919,3
197,STARLINK-31921,satellite,0,21,42.9799,169.1733,97.4375,341.4108,78.8483,6859.0266,486.5662,-2226.487509271644,-4583.832100943467,4585.171247794,-3366.9927427094594,3825.195841930747,4585.171247794,42.1577,131.3547,3
198,STARLINK-31926,satellite,0,13,42.9912,198.9823,95.472,30.8807,126.3527,6861.7506,483.5307,5156.078519673966,-2497.067047559541,3764.73685884119,-4295.93164015728,-3790.179531914891,3764.73685884119,33.4751,-138.5789,4
199,STARLINK-31974,satellite,0,4,42.9833,56.913,93.7008,182.5494,276.2502,6858.7624,495.6248,4590.010130451196,-2098.7966380226717,-4651.90188003706,-3709.8170023091875,-3422.0458989904782,-4651.90188003706,-42.8447,-137.3106,3
200,STARLINK-31953,satellite,0,50,42.9922,53.5289,75.8294,176.6274,252.4567,6859.4662,494.589,2619.639030295416,-4509.124942479265,-4462.638381135573,-5171.224427767136,-673.167374135285,-4462.638381135573,-40.7319,-172.5832,3
201,STARLINK-31914,satellite,0,4,43.0231,57.1459,142.4464,34.9445,177.3909,6867.5804,482.528,-3909.853648453392,-5633.478460996394,213.0824457005159,-3684.4035665707643,5783.442355680155,213.0824457005159,1.791,122.4996,2
202,STARLINK-31861,satellite,0,67,43.0235,49.7722,30.4382,325.3974,355.8356,6867.6078,483.2921,4697.682660974696,4989.457316495109,-339.9681060406129,2785.9225816534686,-6261.113484467611,-339.9681060406129,-2.8578,-66.013,3
203,STARLINK-32421,satellite,0,85,43.0115,86.1655,164.2526,47.2717,211.5243,6865.1506,487.5831,2226.7895395742257,-6012.513958951242,-2447.7951243146804,-6405.925759870058,270.2423341631554,-2447.7951243146804,-21.015,177.5843,4
204,STARLINK-32455,satellite,0,28,43.0045,89.7557,98.641,37.7552,136.3962,6863.34,483.7106,-3479.5458394159223,-4950.612870409436,3225.5231589053865,-3220.93331701507,5122.635611538509,3225.5231589053865,28.2085,122.1602,2
205,STARLINK-32405,satellite,0,28,42.9836,89.8589,78.4764,22.4927,100.9691,6858.9565,486.7114,-4926.519126936965,-1292.2864325184892,4588.439049617752,712.3557173065547,5043.12842031291,4588.439049617752,42.1934,81.96,4
206,STARLINK-32419,satellite,0,85,43.0212,86.1986,154.1797,36.1459,190.3255,6867.316,484.0057,449.65709679115935,-6795.458501259454,-839.1344063085007,-6441.120035127806,2211.8816514699015,-839.1344063085007,-7.0678,161.0475,3
207,STARLINK-32327,satellite,0,85,43.0119,85.8192,12.8311,318.8584,331.6895,6865.5896,486.77,2813.9559671975935,5852.24176396651,-2220.138851072737,4309.752797860732,-4857.274201707412,-2220.138851072737,-18.985,-48.4181,1
208,STARLINK-32362,satellite,0,22,42.9884,158.2527,103.8385,193.4562,297.2947,6860.4967,493.1774,-1270.2749877641616,5310.154900450823,-4158.782110174367,5388.440257038125,-880.9399568937926,-4158.782110174367,-37.4683,-9.285,3
209,STARLINK-32316,satellite,0,72,43.0156,165.8737,61.6556,324.8193,26.4749,6865.9068,482.3737,-6499.238009802247,-669.6446504974249,2085.8667259660438,1894.4958321737022,6252.951639655832,2085.8667259660438,17.8096,73.1444,2
210,STARLINK-32401,satellite,0,21,43.0168,169.8392,119.6017,36.4329,156.0345,6866.0707,482.6406,5810.144028633723,-3110.8210695925072,1900.7007007101831,-5114.795368072679,-4156.182106601087,1900.7007007101831,16.183,-140.9034,4
211,STARLINK-32616,satellite,0,53,42.9831,213.3255,97.6923,342.4348,80.1272,6858.699,487.0055,1732.3296744891297,-4774.2021488096225,4604.726062457767,-5072.735686379495,247.63867821078424,4604.726062457767,42.3753,177.2052,4
212,STARLINK-32605,satellite,0,53,43.0177,213.074,150.3161,28.9319,179.2481,6867.4106,482.6544,5784.541378748239,3688.5963908723725,61.42454645055881,1166.069730053613,-6760.691065405959,61.42454645055881,0.5162,-80.214,1
213,STARLINK-32564,satellite,0,82,42.9958,217.0588,99.9995,208.3318,308.3313,6861.9464,492.1298,-5770.622396486111,577.2449658056497,-3671.913718356594,2762.851945424789,5099.013994983494,-3671.913718356594,-32.5017,61.5494,3
214,STARLINK-32593,satellite,0,25,43.0056,111.7837,158.5756,56.1387,214.7143,6864.6438,488.2132,4747.665010320921,-4177.958943905934,-2665.826602425184,-5688.324561049037,-2763.8067362526313,-2665.826602425184,-22.9849,-154.0861,4
215,STARLINK-32517,satellite,0,25,42.9953,111.7485,102.4179,126.4264,228.8443,6862.4937,491.0641,5184.361043686678,-2794.913779118742,-3524.074516075583,-4581.56163492394,-3701.139750049558,-3524.074516075583,-31.0514,-141.0676,3
216,STARLINK-32582,satellite,0,84,43.0183,194.8701,157.2278,37.8944,195.1222,6866.7248,484.3605,6066.486002733,2964.927965437457,-1221.2630127794341,389.66687095803854,-6741.009567658711,-1221.2630127794341,-10.3149,-86.6917,0
217,STARLINK-32510,satellite,0,84,43.0131,195.3528,10.2897,325.3548,335.6444,6865.8994,485.5034,-6576.010811689484,340.2429953696954,-1930.426835026628,2855.569711417522,5933.414288130401,-1930.426835026628,-16.436,64.2999,2
218,STARLINK-33555,satellite,0,43,43.0173,137.2135,47.9119,325.3138,13.2257,6866.9956,482.2852,-5680.342463689414,3693.980357593907,1070.7156582034372,5602.460611000741,3811.065007221464,1070.7156582034372,9.0349,34.2254,2
219,STARLINK-32549,satellite,0,63,43.0066,67.315,107.2284,35.9508,143.1791,6864.3213,483.0518,-4890.083950123684,-3905.8242868107677,2803.269029860196,-1712.141874965099,6019.7138302986705,2803.269029860196,24.2621,105.8769,4
220,STARLINK-32550,satellite,0,63,42.987,67.9617,76.6893,171.7992,248.4884,6859.6813,493.4375,3385.056384165614,-4085.2222001483306,-4353.433532402144,-5076.117605335908,-1542.944329962684,-4353.433532402144,-39.5462,-163.0927,4
221,STARLINK-32507,satellite,0,63,43.0145,67.2739,122.5167,41.9034,164.4201,6866.8576,482.3167,-3795.255161818233,-5574.252730400552,1256.8520879604189,-3674.075630468018,5654.858398517772,1256.8520879604189,10.6221,123.0126,4
222,STARLINK-32245,satellite,0,63,43.0065,67.7299,38.3442,287.8176,326.1618,6864.7989,488.8929,4747.210079884132,4216.744985891104,-2607.0351937282944,2054.1217646491136,-6008.121636134382,-2607.0351937282944,-22.4482,-71.1249,3
223,STARLINK-32570,satellite,0,63,43.0191,67.6964,24.4409,322.9497,347.3906,6867.0867,484.3496,3554.7084600120684,5779.856865550601,-1022.0004683002102,3956.6767826757805,-5512.477343206792,-1022.0004683002102,-8.6181,-54.3304,4
224,STARLINK-32295,satellite,0,28,42.9824,89.8558,100.691,183.8234,284.5144,6859.0429,494.6604,4865.119803136601,1707.9069924363932,-4529.979752830446,-305.3048760541973,-5147.147358133685,-4529.979752830446,-41.4781,-93.3945,0
225,STARLINK-32686,satellite,0,13,43.0117,198.5887,112.0005,36.0265,148.027,6864.9265,483.1685,6361.051072930294,-662.393359301015,2477.3666609218844,-3069.596077896226,-5610.6430677274275,2477.3666609218844,21.2953,-118.6832,3
226,STARLINK-32688,satellite,0,12,42.9946,202.3298,88.0813,323.4434,51.5247,6861.9414,484.6775,-2454.4629170367534,-5252.640645435025,3660.5611695686266,-3895.704300232267,4293.962035968235,3660.5611695686266,32.4287,132.2159,5
227,STARLINK-32430,satellite,0,13,43.0161,198.9509,42.0639,324.1832,6.2472,6867.4147,482.1813,-6272.568068748,-2730.9109030583836,509.2719007389118,-94.18236075116177,6840.6223562219475,509.2719007389118,4.2839,90.7888,4
228,STARLINK-33560,satellite,0,35,42.9793,147.8607,80.5325,18.5864,99.1189,6858.5451,486.7192,-1714.3345558436256,-4770.966419198982,4614.316990565439,-3737.541231209319,3425.178694242717,4614.316990565439,42.4862,137.4971,3
229,STARLINK-33564,satellite,0,35,42.9988,148.0423,78.3707,323.71,42.0807,6863.3949,483.5335,-6097.023315728457,-157.82558036438826,3134.0730602303006,2211.0718328501607,5684.167799804156,3134.0730602303006,27.3425,68.7446,4
230,STARLINK-33549,satellite,0,35,43.0129,148.0853,55.721,324.9385,20.6595,6866.4845,482.4624,-6383.531809788356,1890.9940105095573,1650.8842937792006,4211.39960807923,5156.4959086023655,1650.8842937792006,14.0103,50.7609,3
231,STARLINK-32657,satellite,0,64,43.0126,311.2154,172.7545,31.5186,204.2731,6865.9978,485.5118,-5673.174693428543,3346.4535882590203,-1924.274590893336,5279.173002168458,3938.7809197396823,-1924.274590893336,-16.3821,36.7265,4
232,STARLINK-32732,satellite,0,44,42.9936,220.1432,71.622,169.2431,240.865,6860.6001,492.4661,-272.5342073581119,5505.985291674088,-4087.8521571037586,5183.402406758223,-1876.8293518390979,-4087.8521571037586,-36.7291,-19.9045,4
233,STARLINK-32691,satellite,0,44,42.9788,220.4395,81.7827,17.598,99.3807,6858.724,486.8786,4060.125397002606,-3041.34316801212,4610.963371505795,-4374.297246672311,-2569.0290194457907,4610.963371505795,42.4469,-149.5742,3
234,STARLINK-32777,satellite,0,8,43.0186,151.7594,149.3835,43.4371,192.8207,6867.1751,484.8469,6421.730452267924,-2185.3732424774485,-1038.9000955668894,-4497.664390175106,-5077.941831477827,-1038.9000955668894,-8.7611,-131.5321,4
235,STARLINK-32754,satellite,0,8,43.0034,151.3897,34.6944,292.3744,327.0687,6864.9249,487.9094,-3750.4393874992015,5153.716104004975,-2544.6977520662012,6202.796964306472,1466.9339111139316,-2544.6977520662012,-21.8871,13.3057,3
236,STARLINK-32752,satellite,0,55,42.9815,224.1882,92.5265,355.1122,87.6387,6858.5045,487.163,3290.1805080755266,-3789.983249020577,4669.754151309522,-4767.15294560086,-1569.558408223708,4669.754151309522,43.1145,-161.7762,3
237,STARLINK-32771,satellite,0,55,43.003,223.8709,93.401,135.7646,229.1656,6862.2855,490.5861,603.335887925984,5847.605110624458,-3541.5251733099212,5159.928934376331,-2816.670572794527,-3541.5251733099212,-31.2246,-28.629,4
238,STARLINK-32769,satellite,0,49,42.9979,209.3686,120.5645,105.6653,226.2298,6862.7564,490.1779,2359.869556120904,5487.25303778951,-3379.8459203244074,4148.645077854153,-4297.403197354536,-3379.8459203244074,-29.6562,-46.009,2
239,STARLINK-32710,satellite,0,49,43.0081,209.0768,16.6707,308.5268,325.1975,6864.5247,487.9559,-6317.030219805429,-235.30585483929696,-2671.7640622369104,2224.650720767592,5917.023644861064,-2671.7640622369104,-23.04,69.395,4
240,STARLINK-32774,satellite,0,28,43.0117,89.1654,67.1302,323.8552,30.9854,6865.1902,482.4079,-2495.703261338684,5916.242633687883,2408.378861335901,6421.07757275701,14.982455060037337,2408.378861335901,20.6776,0.1337,0
241,STARLINK-32800,satellite,0,24,42.9934,93.2287,81.714,36.1236,117.8375,6860.5541,485.3621,-4246.839746532456,-3446.0340770954267,4133.985448721653,-1536.7141838552961,5248.74348871887,4133.985448721653,37.2572,106.3188,3
242,STARLINK-32878,satellite,0,42,43.0206,257.0251,156.6851,31.0003,187.6853,6867.3276,483.4415,872.9814791528695,6776.782844718976,-626.0375263637198,5912.667453049077,-3424.5066764536305,-626.0375263637198,-5.2676,-30.0786,3
243,STARLINK-32916,satellite,0,59,43.0071,60.2787,107.7,37.2353,144.9353,6864.4736,482.7339,-5284.767439936554,-3446.222327052748,2687.212753679985,-1135.706320608593,6206.0765685753595,2687.212753679985,23.1996,100.3703,4
244,STARLINK-32905,satellite,0,59,43.0153,60.6183,55.2268,329.3439,24.5707,6865.9421,482.7145,1243.3775453668015,6458.777339682944,1945.7087269356482,5476.211140683269,-3643.19969073625,1945.7087269356482,16.5768,-33.6349,4
245,STARLINK-32703,satellite,0,2,42.9801,75.1802,93.4266,350.6331,84.0597,6858.6154,487.4417,-4641.223209989661,1961.9090252280764,4648.750548795033,3603.363208685462,3522.188736355581,4648.750548795033,42.8723,44.3473,3
246,STARLINK-32658,satellite,0,2,42.9835,74.7052,94.1988,180.8632,275.062,6858.687,495.8985,4984.488406814443,-735.2212901935544,-4661.636833926289,-2604.6926304168574,-4312.9168000639165,-4661.636833926289,-42.9536,-121.129,4
247,STARLINK-32944,satellite,0,46,43.0109,268.014,185.2918,30.9746,216.2664,6864.3751,486.988,-2774.4810483005804,5631.895893183643,-2768.7482557393455,6266.583800053565,381.9998899791623,-2768.7482557393455,-23.9302,3.4883,4
248,STARLINK-33604,satellite,0,57,43.0111,79.0258,166.8857,46.5836,213.4693,6864.8156,487.7242,1627.08190893503,-6146.990306658691,-2581.7538849527273,-6298.150694451091,875.3189124683731,-2581.7538849527273,-22.223,172.0877,4
249,STARLINK-33605,satellite,0,57,42.9806,78.4065,88.3921,5.6242,94.0163,6858.5175,487.1904,-4997.425125349596,535.0792275674542,4662.200613527109,2425.1058599562,4402.207313525308,4662.200613527109,43.0279,61.1503,4
250,STARLINK-32935,satellite,0,37,43.0162,17.1339,11.0444,322.3486,333.3929,6865.6436,486.0998,6525.23306579392,-339.850004160586,-2096.6798851119665,-2835.5805672826514,-5886.734870427516,-2096.6798851119665,-17.8949,-115.7196,4
251,STARLINK-33660,satellite,0,32,42.9996,173.5842,80.6281,324.7317,45.3598,6862.8667,483.2116,-5186.107668858404,-3007.2413621368164,3327.0968020971486,-768.9769357894742,5945.408971245147,3327.0968020971486,29.1816,97.3697,4
252,STARLINK-33671,satellite,0,64,43.0032,311.7672,77.1748,324.1212,41.296,6863.6166,483.681,5900.347709548792,-1638.158689035936,3086.62005339021,-3791.4534630398593,-4808.591022497616,3086.62005339021,26.8948,-128.2549,4
253,STARLINK-33652,satellite,0,29,43.015,38.2001,166.3774,34.5436,200.9209,6866.3768,485.2308,-3929.1531897950404,-5371.769541297435,-1671.578006595998,-3435.57488252292,5700.085790605701,-1671.578006595998,-14.1836,121.0784,3
254,STARLINK-33707,satellite,0,29,42.9868,38.4846,8.8985,71.6403,80.5388,6858.8625,489.8521,-2197.1029798154864,4575.259251059745,4612.581680548918,5068.8994868286645,257.9083378837734,4612.581680548918,42.4425,2.9127,4
255,STARLINK-33690,satellite,0,16,42.9972,34.6717,85.8647,147.7712,233.6359,6861.7663,491.972,-1047.2784614804448,-5639.640976440831,-3769.244278940629,-4796.534301740871,3145.7274534286244,-3769.244278940629,-33.4736,146.7418,5
256,STARLINK-33694,satellite,0,29,42.9884,38.3767,80.9954,27.8948,108.8902,6859.4823,485.9721,-4685.377654871225,2341.511140864543,4422.457169722434,3970.529428157183,3416.1870926073625,4422.457169722434,40.3514,40.7082,3
257,STARLINK-33693,satellite,0,29,43.0244,38.6426,39.1905,330.5646,9.7551,6867.2849,482.1535,4749.944367541396,4885.561112931542,793.0749163392123,2669.900875652301,-6269.155301722729,793.0749163392123,6.6799,-66.9319,4
258,STARLINK-33677,satellite,0,29,43.0009,38.5554,93.6111,318.6303,52.2414,6862.0188,485.4097,812.424336192669,5717.664570538569,3697.427490540454,4959.270123953925,-2959.283913531806,3697.427490540454,32.7914,-30.8253,3
259,STARLINK-33647,satellite,0,5,43.0098,46.0653,113.8864,34.9984,148.8848,6865.0682,483.1176,-5940.459136176764,-2430.2881801498465,2417.614271700795,54.708790482317596,6418.127634708272,2417.614271700795,20.7582,89.5116,4
260,STARLINK-33670,satellite,0,29,42.9888,38.4631,103.7814,329.7466,73.528,6859.3566,486.8081,-1469.18328442371,4974.713518760469,4482.79166017785,5155.951616804742,-567.8354005667256,4482.79166017785,41.011,-6.2848,3
261,STARLINK-33675,satellite,0,29,43.0217,38.1896,132.188,33.4174,165.6054,6866.9771,482.3382,-5993.212224215435,-3128.1432447872853,1163.51555710881,-568.5190148516535,6736.516833954009,1163.51555710881,9.8252,94.824,3
262,STARLINK-33608,satellite,0,29,43.0236,38.5809,47.1108,316.1559,3.2667,6866.9211,482.6297,5176.274448640016,4494.964035777976,266.7495729166477,2144.8750772358667,-6511.376947592065,266.7495729166477,2.2422,-71.7679,3
263,STARLINK-33716,satellite,0,39,43.0126,191.1161,21.6405,312.082,333.7225,6865.6054,486.3894,-6466.253733147116,993.4926642352722,-2072.5279435595867,3415.625562540298,5579.692377886938,-2072.5279435595867,-17.6812,58.527,4
264,STARLINK-33683,satellite,0,7,42.9804,253.5384,88.9281,180.749,269.6771,6858.544,495.1055,-4804.238053451657,1459.9063960872106,-4678.950149959844,3203.3848074269476,3866.5689875024254,-4678.950149959844,-43.1576,50.3588,2
265,STARLINK-33800,satellite,0,7,42.9941,253.0003,87.2825,34.7147,121.9972,6861.0314,485.1013,5129.136726838621,2230.7619748934926,3965.0064211488284,74.86575432990942,-5592.739728439375,3965.0064211488284,35.5014,-89.2331,4
266,STARLINK-33719,satellite,0,7,42.9869,253.1674,104.2586,328.1177,72.3763,6859.3954,486.4319,3973.682371162625,-3370.6991264701633,4454.920739859082,-4644.6436781097045,-2362.001120124818,4454.920739859082,40.7055,-153.0447,4
267,STARLINK-33755,satellite,0,7,42.9852,253.1008,102.4294,322.9916,65.421,6860.0384,485.7434,3534.8164990049977,-4054.181262485769,4250.698227644466,-5105.374679069168,-1693.0631343951832,4250.698227644466,38.4924,-161.6533,4
268,STARLINK-33814,satellite,0,7,43.0105,252.9298,115.3382,34.9887,150.3269,6865.2742,482.5987,4122.495697011006,4967.63304882004,2315.978179965765,2988.116679416599,-5722.194298500853,2315.978179965765,19.8502,-62.4265,3
269,STARLINK-33834,satellite,0,7,43.0122,253.2698,66.5165,323.3711,29.8876,6865.2815,483.1312,681.4754247093747,-6414.283566444783,2331.4205494976013,-6179.1726757226215,1850.747813412018,2331.4205494976013,19.9865,163.3263,4
270,STARLINK-33702,satellite,0,7,43.0069,252.9372,109.4823,33.861,143.3433,6864.3246,482.8959,4476.256226827035,4380.644246988675,2792.4943895685597,2310.0123520240254,-5821.576827662691,2792.4943895685597,24.1636,-68.3567,4
271,STARLINK-33723,satellite,0,7,42.9868,253.035,79.6315,28.2092,107.8407,6859.3981,486.4285,5178.854026712212,616.0256069213027,4449.530263834298,-1433.5906803380904,-5014.462517521077,4449.530263834298,40.646,-105.9548,4
272,STARLINK-33879,satellite,0,36,43.0009,297.0503,97.1755,33.1942,130.3697,6862.2352,484.2085,1382.8266734022538,5692.7180082298955,3562.732733090003,4715.789570339399,-3475.7123957795816,3562.732733090003,31.4651,-36.3916,4
273,STARLINK-33832,satellite,0,36,42.997,296.452,85.2763,320.8856,46.1619,6862.8219,483.9743,5354.211047521025,-2640.7008005853595,3372.9011418175696,-4504.984731820608,-3917.3957198209564,3372.9011418175696,29.6188,-138.9908,4
274,STARLINK-33856,satellite,0,36,43.0187,296.541,20.7884,328.8168,349.6052,6867.133,483.4797,2205.830373320555,-6441.916596150942,-844.5946226250394,-6793.854204070164,455.54595977417875,-844.5946226250394,-7.1146,176.1639,4
275,STARLINK-33859,satellite,0,36,42.9876,297.0954,84.6646,31.5516,116.2162,6860.2937,485.6469,2625.8961114064896,4745.43895744227,4193.675600929809,3361.659515312465,-4256.0270898832005,4193.675600929809,37.8858,-51.6963,4
276,STARLINK-33717,satellite,0,36,43.0162,296.5119,49.3938,321.4633,10.8571,6867.1278,482.5055,3852.963615506598,-5607.235616262147,881.5493733308962,-6660.696928777372,-1386.1949003196141,881.5493733308962,7.4287,-168.2437,4
277,STARLINK-33704,satellite,0,36,42.9844,296.6652,105.6214,187.4068,293.0281,6859.9867,494.6233,-2924.805356152596,-4473.576312446032,-4307.14337455537,-2995.3910573749818,4426.624425909107,-4307.14337455537,-39.0382,124.0853,2
278,STARLINK-33663,satellite,0,36,43.0185,296.5186,32.6791,324.1085,356.7876,6867.3642,482.328,2806.7819017091097,-6254.4972249799075,-262.2768718280485,-6853.281752596607,-171.14146361871434,-262.2768718280485,-2.2047,-178.5695,4
279,STARLINK-33887,satellite,0,79,43.0066,322.0165,172.2361,39.5962,211.8324,6865.1353,487.5119,-6224.719894159992,1502.0433034177408,-2468.9504060709874,3791.2937762791016,5160.364652622972,-2468.9504060709874,-21.2054,53.6955,2
280,STARLINK-33847,satellite,0,79,43.0199,322.4781,50.5422,323.0935,13.6357,6867.1443,482.7573,6007.8986479019795,-3122.8002929149648,1103.4121753591614,-5202.280004064416,-4333.937077554745,1103.4121753591614,9.3126,-140.2029,4
281,STARLINK-33824,satellite,0,58,43.0068,337.1055,108.7474,34.9573,143.7046,6864.2938,483.2659,-3936.9798138689853,4885.079909189483,2768.938991856389,6027.140986130334,1742.8101753451117,2768.938991856389,23.9458,16.1278,3
282,STARLINK-33884,satellite,0,58,43.0057,336.547,75.7285,322.518,38.2465,6864.0463,483.0499,6176.063029510568,704.4680599244757,2895.402860848177,-1737.4647724147783,-5968.353705718075,2895.402860848177,25.1128,-106.231,3
283,STARLINK-33932,satellite,0,62,43.0222,343.8905,142.0131,28.3044,170.3175,6867.2466,482.054,-6262.60789548929,2686.7108616368446,787.1894398977761,4898.533918707678,4737.408400587033,787.1894398977761,6.6302,44.042,4
284,STARLINK-33881,satellite,0,62,42.9932,344.4185,97.4624,206.4149,303.8773,6861.2745,492.4451,2565.7550407583512,-5042.56601192518,-3885.8587423223107,-5642.379318071863,-417.2847286862966,-3885.8587423223107,-34.6488,-175.7704,1
285,STARLINK-33909,satellite,0,9,43.0156,104.5099,52.4363,326.6159,19.0522,6866.5107,482.2285,-3209.3676796037666,5866.577180726897,1527.49239011474,6651.118820888485,692.3778959020701,1527.49239011474,12.9449,5.9431,4
286,STARLINK-34109,satellite,0,9,42.9818,103.8277,93.6051,194.275,287.8801,6859.4847,495.7868,4137.325044093458,3188.951037049488,-4454.205662397746,1341.9413465348566,-5048.372080150408,-4454.205662397746,-40.6304,-75.1141,3
287,STARLINK-34127,satellite,0,9,42.9888,103.9715,73.9678,171.5652,245.533,6860.032,492.9868,5120.372775694536,-1655.097387094399,-4259.264754952012,-3505.5985247113645,-4082.6882940511123,-4259.264754952012,-38.5357,-130.651,4
288,STARLINK-34055,satellite,0,9,42.9806,104.3207,97.375,345.2773,82.6523,6858.6742,486.9332,-5036.320734071957,-380.8397490047458,4635.2078071784945,1595.4057782183377,4792.1024460765275,4635.2078071784945,42.7219,71.5862,4
289,STARLINK-34047,satellite,0,9,43.006,104.1741,100.7931,38.6954,139.4884,6863.63,483.7068,-1881.8149107181373,-5852.660711073919,3038.4581070941867,-4670.431845873398,3997.7407532506395,3038.4581070941867,26.4427,139.4375,4
290,STARLINK-34094,satellite,0,26,42.9795,100.8575,98.8189,341.3636,80.1825,6858.7061,486.6712,-5073.468255239031,217.08271176724782,4604.960286157531,2161.216234757917,4595.252923102842,4604.960286157531,42.3805,64.8117,4
291,STARLINK-34037,satellite,0,48,43.0179,9.2887,122.8724,29.6771,152.5495,6865.639,482.6079,-6379.719544917273,1298.9303382944754,2156.9982594916673,3663.8773940180977,5381.825335064713,2156.9982594916673,18.4374,55.7535,3
292,STARLINK-34009,satellite,0,81,43.0201,6.2026,38.8492,329.4714,8.3206,6867.1963,482.1232,6669.685595249046,1454.9438603908811,677.2960504388351,-1236.1114764317688,-6713.687213014575,677.2960504388351,5.7013,-100.4324,3
293,STARLINK-33776,satellite,0,48,43.0241,9.2339,158.7989,29.1015,187.9004,6867.1998,483.0029,-6597.135324707708,-1770.9968067935822,-643.4473294957146,916.5798068202217,6768.936817544447,-643.4473294957146,-5.4148,82.2885,4
294,STARLINK-34015,satellite,0,48,43.0067,9.7237,39.7881,281.6834,321.4716,6863.9547,489.2376,5820.215356154105,-2174.633975703827,-2916.108777550763,-4255.261192426419,-4527.327236298165,-2916.108777550763,-25.2803,-133.2257,3
295,STARLINK-33888,satellite,0,48,42.9868,9.4935,98.3601,336.251,74.6111,6859.3912,486.7183,996.857378911567,5068.979571062821,4506.754328089273,4289.713338581212,-2878.6521148865995,4506.754328089273,41.2778,-33.864,4
296,STARLINK-34123,satellite,0,18,43.0203,108.0813,129.6524,33.2284,162.8807,6866.773,482.4722,631.3080177798602,-6690.263177075568,1377.6434035455513,-6414.312460964187,2003.6883103332111,1377.6434035455513,11.6561,162.6524,4
297,STARLINK-34120,satellite,0,18,43.0071,107.2446,103.5127,38.9405,142.4533,6864.262,482.9189,-1306.772195364888,-6098.42352484848,2850.400822737415,-5119.360495780963,3562.382794316386,2850.400822737415,24.6971,145.1673,3
298,STARLINK-33955,satellite,0,18,42.9805,107.3398,88.9298,18.1617,107.0915,6859.2435,485.4886,-3974.966702592531,-3351.5355968000003,4466.688669134246,-1554.6448987911515,4961.474617691752,4466.688669134246,40.8423,107.398,4
299,STARLINK-34083,satellite,0,18,43.0222,108.0566,142.5821,34.4435,177.0256,6867.531,482.7928,1876.2598807481443,-6594.89458109627,242.90313796663327,-6807.556676494523,818.6316462199737,242.90313796663327,2.0416,173.1429,3
300,STARLINK-33910,satellite,0,18,42.9832,107.358,84.6537,15.2808,99.9345,6858.9029,486.4439,-4361.770167075562,-2602.440467741822,4603.486640969892,-714.261282770174,5028.674397738052,4603.486640969892,42.3656,98.0841,4
301,STARLINK-34159,satellite,0,18,43.0019,108.008,96.2137,38.5394,134.7531,6862.8827,484.0384,-1894.3113542327799,-5692.261130654085,3321.16473434521,-4517.66831911636,3947.268073589999,3321.16473434521,29.1208,138.855,4
302,STARLINK-34099,satellite,0,18,42.9973,108.0245,88.8165,38.8547,127.6713,6861.7943,484.7406,-2478.016511541063,-5212.87676065903,3701.1722024894284,-3849.9268773771164,4300.315452631168,3701.1722024894284,32.8324,131.837,4
303,STARLINK-34139,satellite,0,9,43.0155,104.4161,162.6396,40.1194,202.759,6866.2179,485.8586,3455.4706700734346,-5645.66696843797,-1811.0965028869089,-6542.501796754515,-1004.7404190701554,-1811.0965028869089,-15.3936,-171.2692,4
304,STARLINK-33642,satellite,0,9,42.9813,104.1976,95.5711,184.9413,280.5123,6858.8921,495.3701,4479.219541507394,2424.9628835938775,-4600.969283762147,505.1804729756292,-5068.396726535301,-4600.969283762147,-42.2692,-84.308,4
305,STARLINK-33927,satellite,0,33,43.0079,289.9534,69.3117,324.0246,33.3363,6864.7353,483.0821,4545.93935208926,-4445.267459559315,2570.792610954887,-5856.886626563602,-2474.438607739357,2570.792610954887,22.1396,-157.0967,4
306,STARLINK-33928,satellite,0,33,43.018,289.1203,45.7003,327.4005,13.1007,6866.8056,481.6735,3262.3405031287984,-5939.866260155757,1060.6963980052199,-6739.187039776847,-712.905877234278,1060.6963980052199,8.9505,-173.9614,4
307,STARLINK-34193,satellite,0,33,42.9838,289.719,80.0523,31.259,111.3113,6859.7542,486.1429,3557.6047641841315,3921.9192816663262,4354.49708435005,2242.0179718925924,-4797.015522568419,4354.49708435005,39.6082,-64.9497,5
308,STARLINK-34093,satellite,0,33,42.9886,289.27,107.7954,187.3989,295.1943,6860.181,493.2383,-3324.0806140451105,-4257.111926748857,-4234.520114801589,-2641.4216925284168,4711.199988089891,-4234.520114801589,-38.2701,119.278,3
309,STARLINK-34126,satellite,0,69,42.9914,133.2699,86.6478,220.8749,307.5226,6861.9207,491.7313,33.821939084867026,5773.155697296513,-3711.9328708719463,5311.39515141045,-2262.64274121307,-3711.9328708719463,-32.9018,-23.0739,4
310,STARLINK-34212,satellite,0,48,43.0041,9.2445,148.5716,74.6272,223.1989,6863.2769,489.3737,-4385.988961477403,-4194.628300945128,-3204.1637788691005,-2173.343748730218,5666.4259196734165,-3204.1637788691005,-27.9802,110.9842,3
311,STARLINK-34234,satellite,0,73,43.0208,238.6,12.8714,331.8608,344.7321,6866.874,484.2452,-4576.395915467407,-4961.816482650753,-1232.7820527902022,-2807.3099317899937,6138.569322691136,-1232.7820527902022,-10.4134,114.5757,3
312,STARLINK-34229,satellite,0,73,42.9892,238.8827,69.3263,176.3878,245.7141,6860.0512,493.2695,-2458.780864771626,4781.403246633268,-4265.563682469263,5360.166200616583,419.56960048345087,-4265.563682469263,-38.6012,4.4757,4
313,STARLINK-34260,satellite,0,50,42.996,53.4252,83.0191,225.9047,308.9238,6862.1551,491.5346,5706.04171615098,1135.9518895313508,-3641.449353183194,-1157.8423201928715,-5701.640108193033,-3641.449353183194,-32.203,-101.4791,3
314,STARLINK-34351,satellite,0,25,42.9901,110.9748,102.0403,325.1217,67.1621,6859.9713,487.065,-5268.661326154866,830.3394799717703,4308.8908893695025,2802.2572419812486,4538.238664006488,4308.8908893695025,39.1083,58.3056,4
315,STARLINK-34198,satellite,0,25,42.9877,110.9574,101.3472,332.8108,74.158,6859.2654,487.1664,-5174.984637517002,22.119688217760896,4497.205447249701,2020.6439444626174,4764.23690939592,4497.205447249701,41.1684,67.0169,4
316,STARLINK-34292,satellite,0,25,43.0101,111.5051,164.9308,42.9912,207.9221,6865.6524,486.9167,4409.289815785366,-4780.3329686432135,-2192.1373990639768,-6113.092963128842,-2218.8993656383836,-2192.1373990639768,-18.7363,-160.0504,4
317,STARLINK-34278,satellite,0,25,43.0015,111.0309,84.2891,321.6051,45.8942,6862.9816,484.0448,-5073.712930463127,3162.237753993276,3358.0681693588954,4877.569432530311,3457.1125154346805,3358.0681693588954,29.4755,35.3282,4
318,STARLINK-35292,satellite,0,6,42.9817,143.8317,92.1762,180.8392,273.0154,6858.712,495.4753,2667.770413556283,4261.075799696049,-4672.930700755005,2898.755569611678,-4107.4301086989735,-4672.930700755005,-43.0859,-54.7881,3
319,STARLINK-35309,satellite,0,6,43.0001,144.3966,83.0935,323.5789,46.6724,6862.6961,483.8619,-5949.062668516755,-226.9340058700545,3401.7240397246246,2090.1445024449877,5574.418502037583,3401.7240397246246,29.8976,69.4463,4
320,STARLINK-35507,satellite,0,6,42.9861,143.7784,101.5476,185.6318,287.1794,6859.3,494.5569,1199.041197367927,5067.72621962111,-4470.9510313408455,4210.4089822718215,-3064.637830482674,-4470.9510313408455,-40.8239,-36.0498,4
321,STARLINK-35257,satellite,0,6,42.9974,143.7111,87.521,220.9584,308.4794,6861.9374,491.3888,-1116.534822994312,5695.081728843717,-3664.1242088288104,5684.026811447005,-1171.5140271973207,-3664.1242088288104,-32.4284,-11.6459,4
322,STARLINK-35443,satellite,0,6,43.0168,144.0262,162.2138,33.1506,195.3645,6866.7797,484.4626,6135.62796715102,-2810.9185300388326,-1240.341739402385,-4964.007724432447,-4572.288359845257,-1240.341739402385,-10.4777,-137.3522,3
323,STARLINK-35511,satellite,0,6,43.0214,143.6365,350.8093,352.8745,343.6838,6866.9527,484.3666,-4467.392154011613,5039.415427278682,-1315.2283357552496,6374.497433246291,2172.3450416440182,-1315.2283357552496,-11.1181,18.8184,4
324,STARLINK-35618,satellite,0,11,43.0175,206.0274,51.9429,326.6941,18.637,6866.5158,482.073,-5137.099384417716,-4292.128219570752,1495.4332701552376,-1972.9455983801224,6396.846129496391,1495.4332701552376,12.669,107.1411,3
325,STARLINK-35589,satellite,0,11,42.9892,205.9104,98.7527,329.4708,68.2235,6859.6805,486.3399,-252.7947092970085,-5300.338073435103,4341.151173956312,-4790.687039855461,2281.8427956183186,4341.151173956312,39.462,154.5312,4
326,STARLINK-35405,satellite,0,11,42.984,205.8764,101.4325,333.7175,75.15,6859.1909,485.9999,534.7548494712001,-5127.86787847618,4517.48148654325,-4936.026090874067,1488.8378549564206,4517.48148654325,41.4026,163.2153,4
327,STARLINK-35620,satellite,0,15,43.0067,227.5048,14.6546,308.6265,323.2811,6864.1864,487.9174,-5928.272125259374,-2029.0772906783623,-2798.593644544025,420.02716729630424,6251.811115301467,-2798.593644544025,-24.2007,86.1564,2
328,STARLINK-35372,satellite,0,15,42.9968,227.779,89.2099,142.2053,231.4152,6862.0495,491.2662,-29.422587000611188,5806.741843302057,-3658.6690340435243,5366.816369938105,-2217.2953287158566,-3658.6690340435243,-32.3749,-22.4479,4
329,STARLINK-35698,satellite,0,15,42.9995,227.3535,86.1621,322.0373,48.1994,6862.5163,484.5736,-346.5431517851693,-5894.655799797185,3486.20783705903,-5302.578802144446,2598.0217861250044,3486.20783705903,30.7144,153.8973,2
330,STARLINK-35371,satellite,0,15,42.982,228.1105,101.7876,340.9419,82.7296,6858.8051,487.1782,3124.2388054087687,-3967.6115756491467,4636.293087130552,-4866.836007016847,-1347.8564497940517,4636.293087130552,42.7323,-164.5201,3
331,STARLINK-35597,satellite,0,71,42.9949,282.5246,91.131,142.097,233.228,6861.7111,491.1872,-4816.1030108387895,3138.6444877750228,-3748.836277373108,4756.238025958347,3228.643255622837,-3748.836277373108,-33.2734,34.1696,4
332,STARLINK-35689,satellite,0,71,43.0185,282.6108,159.7678,31.1378,190.9056,6867.2198,483.6221,-2397.1810616701787,6367.733154057089,-885.6211707813376,6799.397449090617,-250.39347636876147,-885.6211707813376,-7.4619,-2.109,3
333,STARLINK-35916,satellite,0,14,42.9819,285.8918,91.1873,180.0635,271.2507,6858.6753,495.0135,-4786.834233789674,-1518.5818446778103,-4677.982598816025,449.65667548879134,5001.767854964302,-4677.982598816025,-43.1473,84.8629,3
334,STARLINK-35598,satellite,0,71,43.0205,282.614,153.9375,29.9035,183.8411,6867.4723,483.0468,-1822.9012369477653,6607.111803060716,-313.57993554221633,6798.200111377214,-872.5654952384685,-313.57993554221633,-2.6359,-7.3141,2
335,STARLINK-35952,satellite,0,49,42.9905,209.6757,98.7522,331.8256,70.5778,6859.4975,486.4934,360.76307020004816,-5237.761405823116,4408.763361197782,-4970.127149282243,1691.7832772308223,4408.763361197782,40.1976,161.2019,4
336,STARLINK-35687,satellite,0,49,43.0199,209.8278,27.8952,324.8481,352.7432,6867.2859,483.822,-6220.294915694011,-2835.9355227705387,-591.347612629998,-211.24920710838842,6833.00613932233,-591.347612629998,-4.9747,91.7708,4
337,STARLINK-35419,satellite,0,45,43.0171,278.6505,15.7127,328.1643,343.877,6866.8211,484.6701,-385.9132096403169,-6726.704537392375,-1300.022069873702,-6054.743625614352,2955.9368340396613,-1300.022069873702,-10.9875,153.9783,4
338,STARLINK-35579,satellite,0,45,43.0184,278.6037,52.2047,327.0293,19.2341,6866.5632,482.3479,2602.4153035797153,-6156.475470687338,1541.626971231238,-6683.8861082471985,-20.54569202793233,1541.626971231238,13.0665,-179.8239,4
339,STARLINK-35893,satellite,0,45,42.9868,278.3652,82.301,22.0031,104.3041,6859.1904,487.4512,4561.773297706329,2382.9642138455674,4529.855213843008,434.5371143998605,-5128.301040339202,4529.855213843008,41.53,-85.1567,4
340,STARLINK-35743,satellite,0,45,43.0101,278.5771,66.8289,326.5345,33.3635,6864.7967,482.9557,3581.3163893100486,-5252.478108786238,2572.701217436048,-6228.513527277392,-1272.7814439808426,2572.701217436048,22.1573,-168.4508,4
341,STARLINK-35744,satellite,0,45,42.9827,278.3877,83.4024,13.7387,97.1411,6858.7055,486.9529,4798.607309637064,1568.961825706923,4637.518823111454,-407.7427571358399,-5032.098882835186,4637.518823111454,42.748,-94.6325,3
342,STARLINK-35746,satellite,0,45,42.9963,278.2729,91.0522,41.4995,132.5518,6862.6891,485.0591,2989.2035306066045,5121.01384355713,3445.1465643236843,3567.618684658975,-4736.266193339107,3445.1465643236843,30.3125,-53.0109,4
343,STARLINK-36076,satellite,0,20,43.0209,347.4193,27.976,328.3798,356.3558,6867.3631,482.8977,6613.275842512679,-1802.5815222490646,-297.53110102108576,-4218.659540667045,-5402.557652950541,-297.53110102108576,-2.501,-127.985,4
344,STARLINK-35429,satellite,0,20,42.9854,348.1171,105.9641,327.4529,73.417,6859.2974,486.4351,2904.3179937050913,4300.462029353215,4479.699176939146,2843.6499639406065,-4340.816922774851,4479.699176939146,40.9795,-56.7714,2
345,STARLINK-36032,satellite,0,20,43.0139,347.8765,123.2314,35.1777,158.4091,6866.269,482.1935,-5847.886112280901,3143.769070106289,1721.7760366465295,5159.770792457739,4178.255774562494,1721.7760366465295,14.6253,38.9997,4
346,STARLINK-35820,satellite,0,20,43.0171,347.8183,171.743,29.1007,200.8437,6866.2718,485.1711,-6645.257317219095,-391.80063707323274,-1665.7357585760005,2207.1855240473938,6280.229662496472,-1665.7357585760005,-14.1331,70.636,4
347,STARLINK-35980,satellite,0,20,42.9914,347.9753,81.6423,34.2428,115.8851,6860.4423,486.1739,-1987.5636837455645,5036.471442393381,4206.134894518294,5413.274962499021,-113.61411606627811,4206.134894518294,38.0146,-1.2024,2
348,STARLINK-36063,satellite,0,20,42.9979,347.4901,61.7559,252.1928,313.9487,6862.7807,490.3704,3867.337697374956,-4559.952514705763,-3369.850075315393,-5700.364195742004,-1804.2493834865093,-3369.850075315393,-29.559,-162.4367,4
349,STARLINK-35583,satellite,0,20,42.9802,347.5903,93.4682,185.1748,278.643,6858.6279,494.4554,-59.48381536968374,-5069.436827349441,-4625.584520737652,-4652.450195448025,2014.3076353063188,-4625.584520737652,-42.5546,156.5895,4
350,STARLINK-36037,satellite,0,20,43.0054,347.7714,149.3615,72.6974,222.0589,6863.4395,489.3095,-5691.970042154495,-2206.503774663225,-3135.780424786586,165.05434594161147,6102.453517338177,-3135.780424786586,-27.3336,88.4507,4
351,STARLINK-36040,satellite,0,20,42.9851,348.0423,94.8155,359.7849,94.6004,6858.7255,487.6039,497.816650278531,5004.552979216332,4659.309623278084,4423.183984433663,-2393.4943866504354,4659.309623278084,42.9916,-28.4189,2
352,STARLINK-36062,satellite,0,5,42.9835,46.0998,93.2019,175.6888,268.8907,6858.254,494.5769,3524.6735091409178,-3576.282749206148,-4678.061404514423,-4660.697785827529,-1868.426556622337,-4678.061404514423,-43.1516,-158.1547,4
353,STARLINK-35964,satellite,0,70,42.9894,30.9663,107.8679,186.6619,294.5298,6860.0946,493.4596,4793.327454774362,-2450.1823233373484,-4257.478068091963,-4112.479654842009,-3473.7433115875187,-4257.478068091963,-38.5135,-139.8128,4
354,STARLINK-35984,satellite,0,5,42.987,45.5744,83.4445,30.3817,113.8262,6860.274,485.6309,-5214.638679060171,1233.3576852357814,4275.889304585801,3153.0720932133363,4332.639392781245,4275.889304585801,38.763,53.9548,4
355,STARLINK-36091,satellite,0,56,42.9832,275.34,92.6324,354.3817,87.0142,6858.5812,487.2783,5019.841220623931,110.554165272435,4667.6062626206085,-1838.315173139873,-4672.432495813927,4667.6062626206085,43.089,-111.4766,4
356,STARLINK-36105,satellite,0,56,43.0174,275.1309,128.91,36.0449,164.9549,6866.8826,482.1024,704.2300193938021,6714.317708193333,1214.7595777904244,5920.283170834024,-3244.7263958481,1214.7595777904244,10.2628,-28.7258,4
357,STARLINK-36083,satellite,0,56,42.9893,275.2662,78.5139,29.8239,108.3379,6859.5507,486.7618,4542.230612970254,2584.8160335146467,4437.393485259766,628.2547514102741,-5188.297296401675,4437.393485259766,40.51,-83.0956,5
358,STARLINK-35646,satellite,0,56,43.011,275.066,171.0439,36.2245,207.2684,6865.7963,486.5099,-2828.731273223651,5873.069495976478,-2144.742409992984,6509.982359288513,338.8149973588147,-2144.742409992984,-18.3181,2.9793,4
359,STARLINK-35987,satellite,0,56,42.9886,274.7934,102.8513,196.4143,299.2657,6860.6722,492.6159,-4083.8664084082466,-3709.3565390879153,-4082.3687064463084,-1842.5640334149948,5200.216203059736,-4082.3687064463084,-36.671,109.5105,4
360,STARLINK-35974,satellite,0,56,42.9985,275.019,115.555,113.0063,228.5613,6862.482,490.4596,-4145.798507532116,4195.43724655617,-3508.7417131861653,5471.810046853804,2201.961345254749,-3508.7417131861653,-30.9047,21.9208,5
361,STARLINK-35879,satellite,0,1,42.9824,315.0612,86.1391,176.8201,262.9592,6858.7333,495.1874,-4115.433250936467,-2933.186884550591,-4644.070257637017,-1114.5167453689935,4929.323337630146,-4644.070257637017,-42.759,102.7403,2
362,STARLINK-34846,satellite,0,1,43.0208,314.8164,32.6749,329.231,1.9059,6867.4234,482.3987,4951.211648897501,-4746.374243623512,155.6707089203012,-6291.2379974021105,-2731.8290050357923,155.6707089203012,1.3083,-156.5282,4
363,STARLINK-36086,satellite,0,1,43.0225,315.2427,153.4363,31.8047,185.241,6867.4051,483.0885,-5174.313096083612,4485.410006261623,-427.61085667215985,6136.789339444433,3038.4594030290145,-427.61085667215985,-3.5955,26.341,4
364,STARLINK-35705,satellite,0,52,42.9929,329.4719,96.0574,325.2334,61.2908,6860.719,485.8013,5071.198105359141,2115.761121068064,4100.5970828019435,-8.802744258759693,-5494.853761194637,4100.5970828019435,36.9041,-90.0918,2
365,STARLINK-35884,satellite,0,52,43.0159,329.1923,127.0004,33.558,160.5585,6866.3894,482.5401,-4700.707797685751,4746.680908244573,1557.582746450611,6194.695676428035,2500.67569276005,1557.582746450611,13.2038,21.983,3
366,STARLINK-35706,satellite,0,52,43.0219,329.5939,30.1906,327.3695,357.5601,6867.3975,483.0182,5804.007273263492,-3653.6265491237777,-199.28617236747812,-5613.042207589993,-3940.7162501721546,-199.28617236747812,-1.6748,-144.9287,4
367,STARLINK-36208,satellite,0,26,43.0026,100.188,75.4792,322.8619,38.3411,6864.1199,483.196,-4013.337129774642,4743.462106192294,2901.356484550453,5926.04342173469,1867.971368577421,2901.356484550453,25.1674,17.4956,4
368,STARLINK-35875,satellite,0,26,43.0045,100.3176,14.7772,305.8877,320.6649,6863.852,488.4839,2178.9670688361994,5791.820071102235,-2966.8716703008968,4499.463988708243,-4248.28212780331,-2966.8716703008968,-25.7547,-43.3553,5
369,STARLINK-35738,satellite,0,26,42.9978,100.1776,82.3501,323.0722,45.4223,6863.0343,483.8367,-4366.380573052819,4105.7669719881405,3330.8576333118663,5474.368649535963,2440.0593488641885,3330.8576333118663,29.2148,24.0237,4
370,STARLINK-36179,satellite,0,26,42.985,100.4233,98.1353,187.0583,285.1936,6859.2332,495.017,4440.218737157327,2645.8698561126316,-4516.256125835315,723.9932867497024,-5117.812369560831,-4516.256125835315,-41.3226,-81.9481,3
371,STARLINK-36164,satellite,0,26,43.0148,100.2224,51.7621,325.3594,17.1216,6866.7742,482.0545,-2616.4666475397526,6189.237913415959,1377.5986880423557,6719.533413501591,20.84157837367437,1377.5986880423557,11.6564,0.1777,4
372,STARLINK-36490,satellite,0,42,42.986,256.4775,78.7767,31.7123,110.4891,6859.6659,486.363,5128.748775238795,1234.6927152073172,4378.678055505251,-843.6394002399841,-5207.379634985544,4378.678055505251,39.8698,-99.2024,4
373,STARLINK-36476,satellite,0,42,43.0115,256.8081,6.1571,322.751,328.9081,6865.1162,486.8474,-3863.983943325628,-5130.043454807523,-2417.3786192878933,-3237.824984704957,5546.549119129129,-2417.3786192878933,-20.7443,120.2745,4
374,STARLINK-36497,satellite,0,42,43.0181,256.7816,3.2997,339.8079,343.1076,6866.7213,484.6696,-2920.5787303788306,-6058.573618824761,-1360.3070293976052,-4458.836611318808,5035.362001745613,-1360.3070293976052,-11.5037,131.525,4
375,STARLINK-36501,satellite,0,42,42.9942,256.4308,88.2949,36.379,124.6739,6861.447,485.2874,4924.538290125076,2824.23469513561,3845.3411257932626,701.2956999832052,-5633.432641409748,3845.3411257932626,34.2785,-82.9039,4
376,STARLINK-36492,satellite,0,42,43.0166,257.1699,164.0092,30.5893,194.5986,6866.9455,483.9692,241.57976928342188,6754.958474303503,-1179.8140767122093,6136.589670115607,-2833.741695201269,-1179.8140767122093,-9.9618,-24.7865,3
377,STARLINK-36427,satellite,0,42,43.0025,256.8027,15.5108,306.3045,321.8153,6864.0704,488.5717,-4252.3597134749225,-4543.545099974974,-2893.601943199721,-2546.7934485395194,5678.046172651936,-2893.601943199721,-25.0745,114.1578,3
378,STARLINK-36458,satellite,0,22,42.998,158.4737,101.501,125.0254,226.5264,6862.9137,491.3165,5730.0912565304625,1656.1859407455147,-3397.103594348836,-687.3363439923684,-5924.9022294648175,-3397.103594348836,-29.8172,-96.6172,4
379,STARLINK-36478,satellite,0,22,42.9907,158.229,99.0851,205.303,304.3881,6861.2692,491.8678,-2063.2637900360887,5285.043014767243,-3861.9875330232567,5671.787366381723,-139.87567968305137,-3861.9875330232567,-34.4097,-1.4127,2
380,STARLINK-36477,satellite,0,22,43.015,158.9576,55.1807,326.0985,21.2792,6866.4147,482.4734,-6618.956911956373,596.2198449472518,1698.1891895876627,3108.2517258352595,5874.082048685233,1698.1891895876627,14.4201,62.1146,1
381,STARLINK-36456,satellite,0,22,43.0139,158.5775,128.9343,34.0703,163.0046,6866.6344,482.2116,5571.264769750794,-3760.7055435769835,1367.7607775209005,-5621.839053127018,-3684.6740671181396,1367.7607775209005,11.5718,-146.7583,3
382,STARLINK-36466,satellite,0,22,42.9825,158.2886,99.5069,183.6399,283.1468,6858.9966,494.8402,358.43911354746257,5120.122597039482,-4556.7395493231825,4583.644001911559,-2309.619377857574,-4556.7395493231825,-41.7758,-26.7427,3
383,STARLINK-36503,satellite,0,21,42.9938,169.372,85.6277,218.8339,304.4616,6861.5442,492.6363,-3053.943909660233,4784.7671050756635,-3859.2510058587304,5593.311999119751,967.1765783288932,-3859.2510058587304,-34.3775,9.8104,2
384,STARLINK-36487,satellite,0,21,43.0084,169.751,112.5783,36.4788,149.057,6864.9952,482.7151,5329.475320150622,-3584.123895452526,2405.370362379048,-5365.5244215569655,-3529.9290315421576,2405.370362379048,20.6496,-146.6595,4
385,STARLINK-36362,satellite,0,21,42.9865,169.5601,75.4725,172.4572,247.9297,6860.0288,496.0218,3380.3727556456433,4109.765264492444,-4338.126186831127,2483.768632005684,-4706.1644551592735,-4338.126186831127,-39.3628,-62.1763,2
386,STARLINK-36517,satellite,0,43,43.0219,137.0061,41.6476,324.7201,6.3677,6867.4502,481.9378,-5365.898303823789,4242.241873718336,519.0934961112682,5986.571971689253,3309.144413574743,519.0934961112682,4.3668,28.9321,4
387,STARLINK-36523,satellite,0,43,43.0197,137.0243,17.5382,327.7301,345.2682,6866.8428,484.2376,-3985.6504900997897,5457.1708436883455,-1190.4572677656847,6573.58148199744,1566.572674974002,-1190.4572677656847,-10.0522,13.4043,4
388,STARLINK-36421,satellite,0,43,42.9859,136.4293,76.3633,170.639,247.0023,6859.7925,493.5469,5128.173050250697,1500.2730432842243,-4307.556454267427,-598.4773519460941,-5309.5011909717505,-4307.556454267427,-39.0499,-96.4311,4
389,STARLINK-36437,satellite,0,43,43.0103,136.523,159.4313,45.0827,204.514,6866.1003,486.8614,5964.176155172847,-2785.6635157721803,-1942.4902913356568,-4874.445690716718,-4423.923331307835,-1942.4902913356568,-16.5382,-137.7739,4
390,STARLINK-36520,satellite,0,43,43.0074,137.0614,15.7366,308.3124,324.049,6864.3599,488.0517,-2060.0405809656204,5941.457198357359,-2748.2003648083783,6275.939429937422,-396.56664874192,-2748.2003648083783,-23.7379,-3.6156,4
391,STARLINK-36408,satellite,0,43,42.9917,136.8631,98.6083,324.4195,63.0278,6860.4109,485.8775,-5325.109623644568,-1135.2377454687041,4166.589209112993,1011.2624757662094,5350.037892171985,4166.589209112993,37.5976,79.2963,2
392,STARLINK-36081,satellite,0,54,43.0041,246.0906,76.0391,322.884,38.9232,6864.0021,483.4956,718.1514203889859,-6154.395949498773,2938.6386904094566,-5953.659498072521,1716.47008328851,2938.6386904094566,25.5122,163.9175,4
393,STARLINK-36557,satellite,0,54,42.9814,245.9547,99.6059,341.8213,81.4272,6858.7461,487.0898,4112.5263595729175,-2953.9345813028026,4621.586004798455,-4313.936129045101,-2651.142705196763,4621.586004798455,42.5658,-148.4271,3
394,STARLINK-36512,satellite,0,54,43.0182,245.6828,167.7881,33.9944,201.7825,6866.3807,485.3745,927.3697788018835,6573.494934147707,-1737.2527838067329,5704.156754461329,-3396.092766170237,-1737.2527838067329,-14.7527,-30.7684,4
395,STARLINK-36412,satellite,0,54,43.0097,245.649,170.1061,45.7852,215.8913,6864.382,487.8637,-387.8207972155618,6278.000232009171,-2744.2932813055354,5939.977375007585,-2068.903252512817,-2744.2932813055354,-23.7028,-19.2033,4
396,STARLINK-36415,satellite,0,54,42.997,245.5925,68.7225,168.42,237.1426,6861.1454,491.1978,-2300.7967142552457,5132.589017361993,-3931.152949245921,5622.993648325545,138.12303342763568,-3931.152949245921,-35.118,1.4071,4
397,STARLINK-36615,satellite,0,65,43.0167,71.6431,52.8989,324.9077,17.8066,6866.9058,482.6034,601.1518649291812,6681.874598087858,1431.118966846022,5930.203462021289,-3137.1194762568953,1431.118966846022,12.1149,-27.8792,4
398,STARLINK-36367,satellite,0,65,43.0,71.1622,128.4915,97.1745,225.6659,6860.6901,487.841,1848.6770519038134,-5696.708917008011,-3346.8579013433377,-5968.516327737328,496.902578869624,-3346.8579013433377,-29.3497,175.2409,4
399,STARLINK-36599,satellite,0,65,43.0192,71.6818,22.4006,327.1695,349.5701,6867.3608,484.105,2983.2286607826086,6121.107106199184,-847.5041345191166,4492.294466063633,-5117.313345716774,-847.5041345191166,-7.1386,-48.7213,4
400,GW-DEMO-LON,gateway,-1,-1,0.0,0.0,0.0,0.0,0.0,0.0,0.03,-1529.404484907206,3672.2728184734387,4968.898417923539,3978.0129461751812,-8.873095051133808,4968.898417923539,51.5074,-0.1278,0
401,GW-DEMO-NYC,gateway,-1,-1,0.0,0.0,0.0,0.0,0.0,0.0,0.02,3776.7267058257735,3029.218952077855,4138.313284050405,1334.0026332228788,-4654.0594156800025,4138.313284050405,40.7128,-74.006,4
402,GW-DEMO-LAX,gateway,-1,-1,0.0,0.0,0.0,0.0,0.0,0.0,0.04,5270.9932620648315,-523.3523456087133,3541.0966826438976,-2520.030383630046,-4659.046523911132,3541.0966826438976,33.9416,-118.4085,1
403,GW-DEMO-SEA,gateway,-1,-1,0.0,0.0,0.0,0.0,0.0,0.0,0.06,4260.848181138206,-718.417053895237,4675.799586781324,-2309.4918288220924,-3652.0128393312452,4675.799586781324,47.4502,-122.3088,0
404,GW-DEMO-FRA,gateway,-1,-1,0.0,0.0,0.0,0.0,0.0,0.0,0.11,-2136.587759111067,3497.500600115928,4870.793345473478,4051.5134196569593,618.6733471987452,4870.793345473478,50.1109,8.6821,1
405,GW-DEMO-SIN,gateway,-1,-1,0.0,0.0,0.0,0.0,0.0,0.0,0.02,-5121.862785039358,-3798.0138426324006,149.49435263181275,-1523.122892394354,6191.8078290805115,149.49435263181275,1.3521,103.8198,0
406,GW-DEMO-SYD,gateway,-1,-1,0.0,0.0,0.0,0.0,0.0,0.0,0.06,-558.9780788567041,-5271.880762790238,-3534.405825496467,-4646.09493264084,2553.230335596305,-3534.405825496467,-33.8688,151.2093,3
407,GW-DEMO-TYO,gateway,-1,-1,0.0,0.0,0.0,0.0,0.0,0.0,0.04,-1569.402020484908,-4943.9496754106185,3699.089485774043,-3953.099846250687,3358.372031277605,3699.089485774043,35.6762,139.6503,4
408,GW-DEMO-GRU,gateway,-1,-1,0.0,0.0,0.0,0.0,0.0,0.0,0.76,2369.906906752324,5349.2430466412925,-2533.0278406993802,4017.4815218837175,-4253.316604725714,-2533.0278406993802,-23.5505,-46.6333,3
409,GW-DEMO-JNB,gateway,-1,-1,0.0,0.0,0.0,0.0,0.0,0.0,1.75,-4437.92456809106,3621.3488600809037,-2800.1406605210723,5055.252643455491,2693.2810379371385,-2800.1406605210723,-26.2041,28.0473,1
