u,v,distance_km,prop_delay_ms,delay_ms,kind,shell_id
0,200,3203.6217810878297,10.686132007656543,10.686132007656543,intra_plane,0
0,313,3487.3077603351167,11.632406577536774,11.632406577536774,intra_plane,0
0,352,1935.2907071467262,6.455434936747896,6.455434936747896,inter_plane,0
1,53,1241.6945635037875,4.141847235876053,4.141847235876053,inter_plane,0
1,54,3688.049178002544,12.30200787106707,12.30200787106707,intra_plane,0
1,259,1532.761503090336,5.112742039328875,5.112742039328875,inter_plane,0
1,354,2837.9052587145898,9.4662329988121,9.4662329988121,inter_plane,0
2,128,4134.929689975975,13.792640807448114,13.792640807448114,inter_plane,0
2,130,3374.554358359993,11.256301712433316,11.256301712433316,inter_plane,0
2,237,581.6607667869889,1.9402114738556528,1.9402114738556528,inter_plane,0
3,64,4172.789147365033,13.918926363934858,13.918926363934858,inter_plane,0
3,166,1558.7329642891327,5.199373508886381,5.199373508886381,inter_plane,0
4,6,811.7105146388103,2.707574833783211,2.707574833783211,intra_plane,0
4,66,1104.755788411604,3.685068649764378,3.685068649764378,inter_plane,0
4,247,3100.4610791393716,10.342024945602107,10.342024945602107,inter_plane,0
4,360,1041.2045223954692,3.4730844442906874,3.4730844442906874,inter_plane,0
5,6,2383.596212008239,7.950821137762709,7.950821137762709,intra_plane,0
5,161,1059.7292133822089,3.5348761621688594,3.5348761621688594,intra_plane,0
5,165,2773.8947711455694,9.252716995120569,9.252716995120569,inter_plane,0
6,66,302.580453631614,1.0092997524027572,1.0092997524027572,inter_plane,0
6,165,403.609285308755,1.3462956606758767,1.3462956606758767,inter_plane,0
7,38,3169.2450265710136,10.571463497494035,10.571463497494035,inter_plane,0
7,175,3604.361751472613,12.022856663967888,12.022856663967888,inter_plane,0
7,272,1693.953162563649,5.650419539785918,5.650419539785918,intra_plane,0
8,170,3791.6839070117894,12.647696117197818,12.647696117197818,inter_plane,0
8,337,1428.2079259766551,4.763988845832323,4.763988845832323,inter_plane,0
8,338,2921.4469068692697,9.744897941592878,9.744897941592878,inter_plane,0
8,340,4528.096779818635,15.10410505329869,15.10410505329869,inter_plane,0
9,39,1037.304809770859,3.4600764031590785,3.4600764031590785,inter_plane,0
9,43,480.95753249214033,1.6043016415447662,1.6043016415447662,inter_plane,0
10,41,1335.1308710773867,4.453517209820491,4.453517209820491,inter_plane,0
10,274,1105.0868693511004,3.6861730169045828,3.6861730169045828,intra_plane,0
11,344,2169.481486366584,7.236611290490116,7.236611290490116,intra_plane,0
11,351,350.1911348804145,1.168111890527995,1.168111890527995,intra_plane,0
12,281,3331.324641834023,11.11210289964674,11.11210289964674,intra_plane,0
12,365,4628.747328305813,15.439839144671923,15.439839144671923,inter_plane,0
13,204,3751.9311775672236,12.515095284909481,12.515095284909481,inter_plane,0
13,205,909.0507261677276,3.0322668296336115,3.0322668296336115,inter_plane,0
13,245,3794.5937428813077,12.657402284887727,12.657402284887727,inter_plane,0
13,249,2354.693734749987,7.854412851006369,7.854412851006369,intra_plane,0
14,143,3486.950620381337,11.631215286881357,11.631215286881357,inter_plane,0
14,203,906.6826099003229,3.0243676440330027,3.0243676440330027,inter_plane,0
14,248,473.2002360077975,1.57842608571493,1.57842608571493,intra_plane,0
14,398,1254.3204665337707,4.183962715078612,4.183962715078612,inter_plane,0
15,36,3934.083795278542,13.122691016057988,13.122691016057988,inter_plane,0
15,56,1088.576713291193,3.63110106422755,3.63110106422755,inter_plane,0
16,19,4578.115982325498,15.27095115356604,15.27095115356604,intra_plane,0
16,88,343.04920435781094,1.1442889746005918,1.1442889746005918,inter_plane,0
16,154,718.3758993649317,2.3962440688382216,2.3962440688382216,inter_plane,0
16,388,1353.8902774411329,4.516091853922266,4.516091853922266,inter_plane,0
17,85,472.944022670719,1.5775714500153268,1.5775714500153268,inter_plane,0
17,389,1518.538144675901,5.065298022526975,5.065298022526975,inter_plane,0
19,83,221.25080635599906,0.7380132503400038,0.7380132503400038,inter_plane,0
19,309,3630.1059244749226,12.108729981709288,12.108729981709288,inter_plane,0
19,388,3286.3261598916138,10.962004120502638,10.962004120502638,inter_plane,0
20,145,2432.9945609842616,8.115596293567403,8.115596293567403,inter_plane,0
20,148,1319.5627174423087,4.401587439008585,4.401587439008585,intra_plane,0
20,228,1735.4445186894952,5.78881980643254,5.78881980643254,inter_plane,0
20,229,4981.858402996508,16.61769090600841,16.61769090600841,inter_plane,0
21,122,2030.0781451248235,6.771611796601046,6.771611796601046,inter_plane,0
21,157,3347.56267091368,11.16626713442431,11.16626713442431,intra_plane,0
21,158,4073.3671822095334,13.587290385435692,13.587290385435692,inter_plane,0
21,263,831.4841295356525,2.7735325134018303,2.7735325134018303,intra_plane,0
22,31,2312.8629922856926,7.714880513390676,7.714880513390676,inter_plane,0
22,217,3753.91498230526,12.521712545234411,12.521712545234411,inter_plane,0
22,227,320.31127538374795,1.0684434075514602,1.0684434075514602,inter_plane,0
22,336,671.0346802267653,2.238330759564223,2.238330759564223,inter_plane,0
23,26,316.4824889794957,1.0556719508250463,1.0556719508250463,intra_plane,0
23,108,2496.9291761053973,8.328859214014642,8.328859214014642,inter_plane,0
23,109,4930.3808981626125,16.44598043277864,16.44598043277864,inter_plane,0
23,133,3563.3293283977155,11.885987233200229,11.885987233200229,intra_plane,0
24,133,1448.5879051018596,4.831969138802884,4.831969138802884,intra_plane,0
24,253,2729.078557243073,9.10322619671464,9.10322619671464,intra_plane,0
24,255,860.3385018311109,2.869780339274282,2.869780339274282,inter_plane,0
26,107,1390.2498755531549,4.637374418382317,4.637374418382317,inter_plane,0
26,352,788.1647326293839,2.629034559066139,2.629034559066139,inter_plane,0
27,104,4296.418161572151,14.331308366577224,14.331308366577224,inter_plane,0
27,115,3456.177247621509,11.528566364473082,11.528566364473082,inter_plane,0
27,134,992.0057508237903,3.308975007049011,3.308975007049011,inter_plane,0
27,291,1848.370556940494,6.165500524167603,6.165500524167603,inter_plane,0
28,50,967.9009856663699,3.2285701652520222,3.2285701652520222,inter_plane,0
28,404,995.0838400134136,3.31924240740377,3.31924240740377,access,-1
29,116,3231.3635888238346,10.778668717622757,10.778668717622757,inter_plane,0
29,136,1433.3722562529604,4.781215197391525,4.781215197391525,inter_plane,0
29,137,1132.510269194106,3.777647632463476,3.777647632463476,inter_plane,0
29,353,777.2605405604456,2.5926620894527166,2.5926620894527166,inter_plane,0
31,106,1353.0589739612635,4.513318923991289,4.513318923991289,inter_plane,0
31,226,3612.560887346906,12.05020603736104,12.05020603736104,inter_plane,0
32,177,2242.8169594573574,7.481232097764639,7.481232097764639,inter_plane,0
32,280,313.4568110356924,1.0455793755681886,1.0455793755681886,intra_plane,0
32,362,2409.8090852645346,8.03825787126551,8.03825787126551,inter_plane,0
32,366,1675.614443680714,5.589248158073123,5.589248158073123,inter_plane,0
32,402,894.2913488220776,2.983034846133713,2.983034846133713,access,-1
33,122,3969.5209719264167,13.240896713707244,13.240896713707244,intra_plane,0
33,123,1871.3359358505552,6.242104782537776,6.242104782537776,intra_plane,0
33,383,900.7644387888504,3.0046267501127413,3.0046267501127413,inter_plane,0
34,149,3759.207769432899,12.539367382727484,12.539367382727484,inter_plane,0
35,155,4988.05552712832,16.638362287046995,16.638362287046995,inter_plane,0
35,210,1349.2310349417644,4.5005502938361595,4.5005502938361595,inter_plane,0
35,384,2089.4904124458185,6.969789788527031,6.969789788527031,inter_plane,0
36,56,2955.934669589229,9.859936735263798,9.859936735263798,inter_plane,0
36,83,2043.563602848187,6.816594441639312,6.816594441639312,inter_plane,0
37,160,2533.0138718907738,8.449224803016138,8.449224803016138,intra_plane,0
37,170,1310.8644144723041,4.372573023409095,4.372573023409095,inter_plane,0
37,338,522.3179892359329,1.7422652748520209,1.7422652748520209,inter_plane,0
37,340,2076.5925667316324,6.926767206170451,6.926767206170451,inter_plane,0
38,39,3435.062838946742,11.458136278220655,11.458136278220655,intra_plane,0
38,272,4746.643192130666,15.833097416115338,15.833097416115338,inter_plane,0
38,363,3396.978769000078,11.331101494888435,11.331101494888435,inter_plane,0
39,173,2532.6383662718818,8.447972251096061,8.447972251096061,inter_plane,0
39,176,918.0958119930942,3.062437988326892,3.062437988326892,inter_plane,0
40,95,2949.5819036226408,9.83874618894729,9.83874618894729,intra_plane,0
40,165,2328.188502501302,7.7660009128758745,7.7660009128758745,inter_plane,0
40,331,2563.4958474505825,8.550901728990736,8.550901728990736,intra_plane,0
40,333,2266.20865423661,7.559258392806567,7.559258392806567,inter_plane,0
41,274,319.4353029809398,1.0655214781318476,1.0655214781318476,inter_plane,0
41,278,685.089360865014,2.285212127868187,2.285212127868187,inter_plane,0
41,305,4371.920914375308,14.583158440814772,14.583158440814772,inter_plane,0
42,173,3767.2002177928052,12.566027320783384,12.566027320783384,inter_plane,0
42,277,4751.274760774391,15.848546666155261,15.848546666155261,inter_plane,0
42,308,4388.042491232449,14.636934232789969,14.636934232789969,inter_plane,0
42,333,1325.0407219417457,4.419860095152046,4.419860095152046,inter_plane,0
43,176,1278.4856548373277,4.264569106796302,4.264569106796302,inter_plane,0
44,48,3161.6238326957177,10.546041931100607,10.546041931100607,intra_plane,0
44,136,942.699893113145,3.1445083688968087,3.1445083688968087,inter_plane,0
44,250,1194.009555253884,3.9827871695620978,3.9827871695620978,inter_plane,0
44,294,968.4583604261619,3.2304293673263853,3.2304293673263853,inter_plane,0
45,46,3069.8851563122234,10.240034645275244,10.240034645275244,intra_plane,0
45,48,3638.547507338293,12.136888071207894,12.136888071207894,intra_plane,0
45,292,2507.164631132764,8.363001016966091,8.363001016966091,inter_plane,0
46,47,503.87654820388394,1.680751248931966,1.680751248931966,intra_plane,0
46,50,1699.5542024658196,5.669102597857281,5.669102597857281,inter_plane,0
46,295,2612.463412200153,8.71423994328821,8.71423994328821,inter_plane,0
47,49,2405.4371524280605,8.023674673056853,8.023674673056853,intra_plane,0
47,50,1199.3321621587995,4.000541475125433,4.000541475125433,inter_plane,0
47,295,2116.5562374557726,7.060071662829398,7.060071662829398,inter_plane,0
48,250,2063.5993247274014,6.883426416042132,6.883426416042132,inter_plane,0
48,292,1259.8940180273305,4.2025540816885085,4.2025540816885085,inter_plane,0
49,51,366.94032069044107,1.2239811606282673,1.2239811606282673,intra_plane,0
49,295,304.4294645824765,1.0154673890511166,1.0154673890511166,inter_plane,0
50,51,1584.402314925656,5.28499724608034,5.28499724608034,inter_plane,0
51,295,664.9691579708976,2.2180983551323954,2.2180983551323954,inter_plane,0
52,135,3335.1473524001494,11.124854089558683,11.124854089558683,intra_plane,0
53,201,4556.628193511644,15.199275605231016,15.199275605231016,inter_plane,0
53,261,1770.6794749284295,5.906350969404406,5.906350969404406,inter_plane,0
54,201,2102.979909991412,7.014785908961767,7.014785908961767,inter_plane,0
54,243,1639.0406173763633,5.467251005281672,5.467251005281672,inter_plane,0
54,259,2347.759111119692,7.831281436438578,7.831281436438578,inter_plane,0
55,202,1683.856651537246,5.616741204134116,5.616741204134116,intra_plane,0
55,257,2488.5506199961314,8.300911359138098,8.300911359138098,inter_plane,0
55,262,1784.9342960309425,5.953899934437119,5.953899934437119,inter_plane,0
55,313,3583.34126893891,11.952739881598058,11.952739881598058,inter_plane,0
56,83,4793.20604162265,15.988414363721754,15.988414363721754,intra_plane,0
56,309,1431.0737001037444,4.773548039369771,4.773548039369771,inter_plane,0
57,153,2791.5228489234833,9.311517933261294,9.311517933261294,inter_plane,0
57,190,1240.7715647062257,4.138768443288276,4.138768443288276,inter_plane,0
57,314,669.7839753050787,2.2341588570086,2.2341588570086,inter_plane,0
57,315,188.41140383122993,0.6284727944397785,0.6284727944397785,inter_plane,0
58,149,3956.830946117553,13.198567343937496,13.198567343937496,inter_plane,0
58,378,2904.766527638804,9.689258185537156,9.689258185537156,inter_plane,0
58,382,3795.666294738856,12.660979932786889,12.660979932786889,inter_plane,0
58,385,606.8306953096155,2.024169318194174,2.024169318194174,inter_plane,0
59,147,2144.528456475906,7.153376942110752,7.153376942110752,inter_plane,0
59,384,2505.8842646855583,8.358730174211248,8.358730174211248,inter_plane,0
60,196,4941.974865100334,16.48465374369202,16.48465374369202,intra_plane,0
60,198,2325.7150868536537,7.757750486350306,7.757750486350306,inter_plane,0
60,225,402.80319686955045,1.3436068390671472,1.3436068390671472,inter_plane,0
61,264,3398.352471474433,11.335683673117732,11.335683673117732,inter_plane,0
61,311,4251.832078009402,14.182585200356849,14.182585200356849,inter_plane,0
62,167,1069.3119636069578,3.566840776251142,3.566840776251142,inter_plane,0
62,269,1691.5362830967229,5.642357697660035,5.642357697660035,inter_plane,0
62,311,4929.879590592548,16.444308250718397,16.444308250718397,inter_plane,0
62,392,2112.273514206953,7.045786035774634,7.045786035774634,intra_plane,0
63,152,540.4624203884883,1.8027885824548942,1.8027885824548942,inter_plane,0
63,298,1122.47464562392,3.7441723955040924,3.7441723955040924,inter_plane,0
63,300,337.220184188382,1.1248454562135184,1.1248454562135184,inter_plane,0
63,315,2516.8211865896496,8.395211818803158,8.395211818803158,intra_plane,0
63,407,789.599610572909,2.633820796695656,2.633820796695656,access,-1
64,166,2764.0906104094256,9.22001383506928,9.22001383506928,inter_plane,0
64,355,4618.164461660604,15.404538501300804,15.404538501300804,inter_plane,0
65,67,2523.6028805818414,8.417833115007321,8.417833115007321,intra_plane,0
65,160,3953.016884484234,13.185845003760017,13.185845003760017,inter_plane,0
65,373,1327.981088499913,4.429668102257306,4.429668102257306,inter_plane,0
65,374,1083.432832631497,3.613942925246962,3.613942925246962,inter_plane,0
66,161,3131.9689256656466,10.447123808783898,10.447123808783898,inter_plane,0
66,247,4164.498415237137,13.891271458327138,13.891271458327138,intra_plane,0
67,171,1403.9824275090339,4.68318128106156,4.68318128106156,inter_plane,0
67,359,727.2841755072845,2.425958879550214,2.425958879550214,inter_plane,0
67,377,1074.2969007254362,3.583468736646591,3.583468736646591,inter_plane,0
68,188,4250.525545384263,14.178227076627335,14.178227076627335,inter_plane,0
68,292,4222.782523851922,14.085686317872353,14.085686317872353,inter_plane,0
69,71,4960.654339089177,16.54696176209068,16.54696176209068,intra_plane,0
69,231,2077.604710889437,6.9301433556725325,6.9301433556725325,inter_plane,0
69,279,236.9892354935061,0.7905109990909315,0.7905109990909315,inter_plane,0
69,363,3941.553409435432,13.147606966935214,13.147606966935214,inter_plane,0
70,124,2543.8803886132555,8.48547160120104,8.48547160120104,intra_plane,0
70,179,2897.927648466589,9.666446140104663,9.666446140104663,inter_plane,0
70,252,2075.334736726813,6.922571536895744,6.922571536895744,inter_plane,0
70,401,709.5347133813337,2.3667530468072475,2.3667530468072475,access,-1
71,127,1085.7713416494717,3.6217433516938966,3.6217433516938966,inter_plane,0
71,361,256.08041375289895,0.8541923151145416,0.8541923151145416,inter_plane,0
72,125,499.4658525030921,1.666038751725676,1.666038751725676,inter_plane,0
73,138,4183.039679542041,13.95311845884409,13.95311845884409,inter_plane,0
73,291,4046.885376607322,13.498956590186543,13.498956590186543,inter_plane,0
73,293,263.77066332028176,0.8798442265024619,0.8798442265024619,inter_plane,0
73,310,4283.768621370522,14.289114042256934,14.289114042256934,inter_plane,0
74,141,4140.005759336849,13.809572752283346,13.809572752283346,intra_plane,0
75,79,929.7392522539515,3.1012763244829578,3.1012763244829578,intra_plane,0
75,244,2500.8736265705497,8.342016484519267,8.342016484519267,inter_plane,0
75,397,2359.0359950551638,7.86889707230448,7.86889707230448,inter_plane,0
76,180,1381.6084204167782,4.608549626744708,4.608549626744708,inter_plane,0
76,181,1415.851457923187,4.722772104971323,4.722772104971323,inter_plane,0
76,199,4550.223057364578,15.177910370795848,15.177910370795848,inter_plane,0
76,222,2323.562240696135,7.750569364543972,7.750569364543972,inter_plane,0
77,200,2130.2632358016845,7.105793287840765,7.105793287840765,inter_plane,0
77,220,2906.3425287091245,9.694515159247684,9.694515159247684,inter_plane,0
78,199,2164.3740321726455,7.219574657120445,7.219574657120445,inter_plane,0
78,220,216.15362068553947,0.7210108690777653,0.7210108690777653,inter_plane,0
78,398,2631.975385932725,8.779324881924566,8.779324881924566,inter_plane,0
79,141,559.7103711532844,1.866992835267672,1.866992835267672,intra_plane,0
79,244,3408.107740677012,11.368223748567459,11.368223748567459,inter_plane,0
80,140,2265.1546310542276,7.555742549915074,7.555742549915074,intra_plane,0
80,207,3054.071669626556,10.187286531492918,10.187286531492918,inter_plane,0
80,223,2694.992446700902,8.989527170496403,8.989527170496403,inter_plane,0
80,397,1326.7691121500063,4.425625384311724,4.425625384311724,inter_plane,0
81,203,4003.3020181631023,13.353578154935112,13.353578154935112,inter_plane,0
81,220,1247.54854976604,4.161374032184759,4.161374032184759,inter_plane,0
81,246,2518.2875659731453,8.400103133925889,8.400103133925889,intra_plane,0
81,398,3646.487300160164,12.163372369294773,12.163372369294773,inter_plane,0
82,181,400.4560978278899,1.3357777593854276,1.3357777593854276,inter_plane,0
82,246,1552.9868009676156,5.180206371194354,5.180206371194354,intra_plane,0
83,88,4322.432018908944,14.418081254428836,14.418081254428836,intra_plane,0
84,86,3494.5782444492465,11.656658302088596,11.656658302088596,intra_plane,0
84,152,473.3849474649676,1.5790422168157667,1.5790422168157667,inter_plane,0
84,407,560.2054894500914,1.8686443721345765,1.8686443721345765,access,-1
85,88,4980.23063915302,16.612261270271915,16.612261270271915,intra_plane,0
85,150,3709.2680800447265,12.372786509675059,12.372786509675059,inter_plane,0
85,151,2911.5072066266302,9.711742670413111,9.711742670413111,inter_plane,0
86,87,3892.8040167122376,12.984996496183495,12.984996496183495,intra_plane,0
86,152,3874.648866656531,12.924437434168311,12.924437434168311,inter_plane,0
87,150,3161.1906349990495,10.544596939123299,10.544596939123299,inter_plane,0
87,151,3933.982340445217,13.122352599161173,13.122352599161173,inter_plane,0
88,154,389.9353098222347,1.300684188066648,1.300684188066648,inter_plane,0
89,284,2528.0136636813104,8.432545903744218,8.432545903744218,intra_plane,0
89,343,3961.8302658848434,13.21524327968532,13.21524327968532,inter_plane,0
89,348,1105.629788739198,3.687984001049146,3.687984001049146,inter_plane,0
90,93,998.1696594506742,3.3295355930891173,3.3295355930891173,intra_plane,0
90,213,924.8811919464566,3.085071579574082,3.085071579574082,intra_plane,0
90,239,2310.9171344362912,7.708389830261478,7.708389830261478,inter_plane,0
91,232,1478.7924709150175,4.9327207254660745,4.9327207254660745,inter_plane,0
91,237,411.16953242466104,1.371513930562793,1.371513930562793,inter_plane,0
91,238,1215.1699357282282,4.053370601231831,4.053370601231831,inter_plane,0
92,213,1725.3893814147834,5.755279478761215,5.755279478761215,intra_plane,0
92,239,722.2346171218843,2.409115365810451,2.409115365810451,inter_plane,0
92,336,2981.925301294543,9.946632150747911,9.946632150747911,inter_plane,0
92,405,765.1232344166889,2.5521763940328643,2.5521763940328643,access,-1
94,307,2711.88015303696,9.045858495335999,9.045858495335999,inter_plane,0
94,339,894.7792401041401,2.9846622762742756,2.9846622762742756,inter_plane,0
94,341,220.15918587247663,0.7343719963511446,0.7343719963511446,inter_plane,0
94,355,1504.6541525346368,5.018986009763584,5.018986009763584,inter_plane,0
95,171,962.6619877020553,3.2110947490949067,3.2110947490949067,inter_plane,0
95,333,726.6727261496228,2.4239193040327347,2.4239193040327347,inter_plane,0
95,359,1746.743207531807,5.826508175638652,5.826508175638652,inter_plane,0
96,163,2414.165456815802,8.052789162613964,8.052789162613964,intra_plane,0
96,307,3121.5876578944553,10.412495626872827,10.412495626872827,inter_plane,0
96,342,1593.530610102856,5.315445961295183,5.315445961295183,inter_plane,0
97,187,1354.8448534093473,4.519275976613619,4.519275976613619,inter_plane,0
97,283,3343.5435928641286,11.152860933093017,11.152860933093017,intra_plane,0
97,346,643.7435768712909,2.147297437586942,2.147297437586942,inter_plane,0
97,350,3129.839753464373,10.44002165479551,10.44002165479551,inter_plane,0
98,100,3337.6516619387753,11.13320756701216,11.13320756701216,intra_plane,0
98,188,2175.5410460806497,7.256823806023332,7.256823806023332,inter_plane,0
98,282,1232.9343902310125,4.11262644316093,4.11262644316093,inter_plane,0
98,344,3937.1700195181825,13.132985552018733,13.132985552018733,inter_plane,0
99,178,854.3393798969233,2.8497694224746755,2.8497694224746755,intra_plane,0
100,188,1262.5015714600322,4.2112519437031075,4.2112519437031075,inter_plane,0
100,282,2152.614508084765,7.180349106997099,7.180349106997099,inter_plane,0
100,343,1926.234573728459,6.425226927251316,6.425226927251316,inter_plane,0
101,184,1686.3362365990724,5.625012209610264,5.625012209610264,intra_plane,0
101,185,713.5154418769931,2.3800313277960887,2.3800313277960887,inter_plane,0
102,159,4647.775406388311,15.503309981161406,15.503309981161406,inter_plane,0
102,365,4612.767747590696,15.386537000843083,15.386537000843083,inter_plane,0
103,105,1668.769858824388,5.566417080527049,5.566417080527049,intra_plane,0
103,186,859.7717011856826,2.8678896958297817,2.8678896958297817,intra_plane,0
103,349,1369.2271579017724,4.567250180462421,4.567250180462421,inter_plane,0
104,187,662.1424266357604,2.2086693943306623,2.2086693943306623,inter_plane,0
105,349,2987.096807861067,9.963882439834652,9.963882439834652,inter_plane,0
105,350,3711.9382989054607,12.381693401057678,12.381693401057678,inter_plane,0
106,226,2295.9986587553594,7.658627151839021,7.658627151839021,inter_plane,0
106,227,3373.6178493775224,11.253177854719489,11.253177854719489,intra_plane,0
106,324,1331.2686163281264,4.440634114711873,4.440634114711873,inter_plane,0
107,108,4141.0617578445845,13.813095184150978,13.813095184150978,intra_plane,0
107,352,871.948530828431,2.908507227451436,2.908507227451436,inter_plane,0
107,353,1113.2502205200883,3.7134030253692654,3.7134030253692654,inter_plane,0
108,133,1095.0036543577712,3.6525390320452003,3.6525390320452003,inter_plane,0
108,255,1682.4342217748747,5.611996489167431,5.611996489167431,intra_plane,0
109,253,2741.345624272186,9.14414472785765,9.14414472785765,inter_plane,0
109,255,848.2215142417541,2.8293624192565714,2.8293624192565714,intra_plane,0
110,254,272.41543791220334,0.9086800906519248,0.9086800906519248,inter_plane,0
110,256,3126.9840290764105,10.430495983579448,10.430495983579448,inter_plane,0
110,258,3572.148320734956,11.91540422519554,11.91540422519554,inter_plane,0
110,260,1079.3861028476767,3.600444487658448,3.600444487658448,inter_plane,0
111,296,4243.629039281603,14.155222808445712,14.155222808445712,inter_plane,0
111,299,2617.8689213145817,8.732270780856608,8.732270780856608,inter_plane,0
112,252,1012.8410275167363,3.3784740092318675,3.3784740092318675,inter_plane,0
112,273,238.20908424098562,0.7945799765282475,0.7945799765282475,inter_plane,0
113,285,290.77153091426885,0.9699094261879959,0.9699094261879959,inter_plane,0
113,367,2139.6347734774354,7.137053372695038,7.137053372695038,intra_plane,0
113,371,389.32110628974357,1.298635425610819,1.298635425610819,intra_plane,0
114,120,2311.6788711808945,7.7109307105414056,7.7109307105414056,inter_plane,0
114,368,4145.718122935635,13.828627146236062,13.828627146236062,intra_plane,0
114,371,2528.499315789902,8.434165864806053,8.434165864806053,intra_plane,0
115,134,2501.6236912185827,8.344518430875878,8.344518430875878,intra_plane,0
116,135,2182.9975341434347,7.281695972963519,7.281695972963519,inter_plane,0
116,294,3807.218752826282,12.699514785079359,12.699514785079359,inter_plane,0
117,118,4946.850166304897,16.50091599804321,16.50091599804321,intra_plane,0
117,208,4552.680778185142,15.186108445013458,15.186108445013458,inter_plane,0
117,318,551.1378487957396,1.8383979786300684,1.8383979786300684,inter_plane,0
117,382,2930.1394501814457,9.773893145041846,9.773893145041846,inter_plane,0
118,234,3364.4441650117064,11.222577737468322,11.222577737468322,intra_plane,0
118,322,3729.9018904559853,12.441613492678275,12.441613492678275,inter_plane,0
118,378,1228.3079293017922,4.097194230622681,4.097194230622681,inter_plane,0
119,240,1248.0984159398934,4.163208188312375,4.163208188312375,inter_plane,0
119,285,1348.5288049367039,4.498207906673569,4.498207906673569,inter_plane,0
119,367,621.7063957948704,2.0737893139222017,2.0737893139222017,inter_plane,0
119,369,1459.9575578960525,4.869894218273005,4.869894218273005,inter_plane,0
120,371,4751.768950069996,15.850195104207712,15.850195104207712,inter_plane,0
121,385,3988.6616107210616,13.304743012317749,13.304743012317749,inter_plane,0
122,263,1318.041185763899,4.396512155632345,4.396512155632345,inter_plane,0
123,383,1675.9006979874202,5.590202999661254,5.590202999661254,inter_plane,0
123,409,644.8637181841126,2.1510338268219966,2.1510338268219966,access,-1
124,125,4132.1045747164535,13.783217237294387,13.783217237294387,intra_plane,0
124,179,415.20184963077503,1.3849642929668866,1.3849642929668866,inter_plane,0
124,252,4550.930594594196,15.180270460954011,15.180270460954011,inter_plane,0
125,179,3795.804982250892,12.661442544531564,12.661442544531564,inter_plane,0
126,362,1677.8098659979821,5.596571298661496,5.596571298661496,intra_plane,0
127,361,857.440283799573,2.860112924520513,2.860112924520513,intra_plane,0
127,406,533.7879245598074,1.780524860834916,1.780524860834916,access,-1
128,168,4805.59724211454,16.02974695952671,16.02974695952671,inter_plane,0
128,312,1483.2771099258025,4.9476798710053025,4.9476798710053025,inter_plane,0
128,396,1916.6882376687138,6.393383777749052,6.393383777749052,inter_plane,0
129,132,1675.5507564636857,5.589035720383885,5.589035720383885,intra_plane,0
129,394,3949.968878569947,13.175677950410437,13.175677950410437,inter_plane,0
130,232,2891.987690780799,9.646632573994903,9.646632573994903,inter_plane,0
130,312,733.5291489975788,2.4467898688684784,2.4467898688684784,inter_plane,0
130,328,3341.28124576387,11.145314555457798,11.145314555457798,intra_plane,0
131,132,851.3617201026534,2.8398370185238395,2.8398370185238395,intra_plane,0
133,255,590.4223408289944,1.969436939033985,1.969436939033985,inter_plane,0
135,137,4156.405634129072,13.864276846247652,13.864276846247652,intra_plane,0
135,353,4542.094488658418,15.150796384138586,15.150796384138586,inter_plane,0
136,137,2520.6344167866746,8.40793138560769,8.40793138560769,intra_plane,0
136,250,1428.8906972114876,4.766266325524065,4.766266325524065,inter_plane,0
137,353,609.4186726826284,2.0328018815023974,2.0328018815023974,inter_plane,0
139,293,2220.088996510782,7.405419773804924,7.405419773804924,inter_plane,0
139,310,1997.630125507418,6.663376853554528,6.663376853554528,inter_plane,0
140,222,2966.9217863546896,9.896585811890871,9.896585811890871,inter_plane,0
140,223,670.8847604231619,2.23783068092781,2.23783068092781,inter_plane,0
140,399,319.96083490686135,1.0672744639455252,1.0672744639455252,inter_plane,0
141,244,3946.406461299593,13.163795005475398,13.163795005475398,inter_plane,0
141,397,3798.2093635534598,12.669462697268587,12.669462697268587,inter_plane,0
142,182,2777.850026176684,9.265910305777886,9.265910305777886,inter_plane,0
142,219,1465.1936131745945,4.8873598186869485,4.8873598186869485,inter_plane,0
142,245,4950.404797576422,16.512772971681706,16.512772971681706,intra_plane,0
142,249,3554.5330015397253,11.856645845105701,11.856645845105701,inter_plane,0
143,183,1477.3800889360025,4.928009526297031,4.928009526297031,inter_plane,0
143,206,1963.9436116878173,6.551010738528377,6.551010738528377,inter_plane,0
144,201,662.2386704362432,2.2089904290929265,2.2089904290929265,inter_plane,0
144,221,1376.4264448256997,4.591264416750937,4.591264416750937,inter_plane,0
144,243,4164.3387187703565,13.890738768252657,13.890738768252657,intra_plane,0
145,147,2525.392099249521,8.423801306067283,8.423801306067283,intra_plane,0
145,148,3707.723346285338,12.367633832487334,12.367633832487334,inter_plane,0
145,197,1304.4560778079383,4.351197113197352,4.351197113197352,inter_plane,0
146,147,4964.075532994735,16.558373636586733,16.558373636586733,intra_plane,0
146,210,724.4975456619926,2.416663682920244,2.416663682920244,inter_plane,0
146,381,381.3698643175076,1.2721129372691145,1.2721129372691145,inter_plane,0
146,384,749.6748159836728,2.5006460168643496,2.5006460168643496,inter_plane,0
147,197,3782.032400901534,12.61550215816815,12.61550215816815,inter_plane,0
148,228,3014.4643766927466,10.055170823185776,10.055170823185776,inter_plane,0
148,229,3728.714307948981,12.437652143834056,12.437652143834056,inter_plane,0
149,378,1087.0959009437759,3.626161605919305,3.626161605919305,inter_plane,0
149,385,4529.584245868408,15.109066705968996,15.109066705968996,inter_plane,0
150,151,821.8571705201266,2.741420434666594,2.741420434666594,intra_plane,0
151,316,2177.341313067534,7.262828850309283,7.262828850309283,inter_plane,0
152,153,4953.499682761169,16.52309639744563,16.52309639744563,intra_plane,0
152,407,842.0939683387588,2.808923126207394,2.808923126207394,access,-1
153,317,409.98204002922097,1.3675528822983967,1.3675528822983967,inter_plane,0
154,388,637.3671101733498,2.1260278341403436,2.1260278341403436,inter_plane,0
155,198,2960.6234161543507,9.87557671031988,9.87557671031988,inter_plane,0
156,157,1120.370038892809,3.7371521831039827,3.7371521831039827,inter_plane,0
156,158,508.87823591636084,1.6974350832947267,1.6974350832947267,inter_plane,0
156,217,4644.443756453391,15.492196793200819,15.492196793200819,inter_plane,0
156,251,1772.6845818499935,5.913039286165076,5.913039286165076,inter_plane,0
157,158,910.6464352745719,3.037589542277851,3.037589542277851,inter_plane,0
157,227,576.3853399482929,1.922614544053316,1.922614544053316,inter_plane,0
158,251,2134.034329490059,7.1183723023814665,7.1183723023814665,inter_plane,0
159,346,2962.8577222793124,9.883029553329566,9.883029553329566,inter_plane,0
159,350,455.74822220353207,1.5202124337748752,1.5202124337748752,inter_plane,0
160,337,1423.9645530729847,4.749834477400312,4.749834477400312,inter_plane,0
160,340,4533.79376195881,15.123108140228165,15.123108140228165,inter_plane,0
161,164,3737.740965607292,12.467761832778635,12.467761832778635,inter_plane,0
162,163,845.272002385533,2.8195239067206055,2.8195239067206055,intra_plane,0
162,334,1681.8653321086438,5.610098877499593,5.610098877499593,intra_plane,0
162,342,4746.000860390654,15.830954828058598,15.830954828058598,inter_plane,0
162,358,3802.4513750929254,12.68361252467841,12.68361252467841,inter_plane,0
163,172,2155.531238984376,7.190078274031751,7.190078274031751,inter_plane,0
163,356,698.7812251116653,2.3308832709582887,2.3308832709582887,inter_plane,0
164,171,1472.1795513941415,4.910662400300082,4.910662400300082,inter_plane,0
164,337,4961.880183873092,16.551050740152682,16.551050740152682,intra_plane,0
164,359,676.551757925627,2.25673374987181,2.25673374987181,inter_plane,0
165,331,239.23169286636508,0.7979910317369128,0.7979910317369128,inter_plane,0
166,268,2050.6572802669366,6.84025640253744,6.84025640253744,inter_plane,0
166,270,2811.2440063548015,9.377300633609675,9.377300633609675,inter_plane,0
167,269,625.6883885361523,2.0870718119805147,2.0870718119805147,inter_plane,0
167,374,4616.038564766494,15.397447272561122,15.397447272561122,inter_plane,0
167,392,1064.3758398699567,3.5503756397699533,3.5503756397699533,inter_plane,0
168,327,1951.8063603039484,6.510525225767849,6.510525225767849,inter_plane,0
169,376,1338.5108931450513,4.464791749847994,4.464791749847994,inter_plane,0
169,394,1452.1016310432217,4.843689666946931,4.843689666946931,inter_plane,0
169,395,268.7630731016093,0.896497113018131,0.896497113018131,inter_plane,0
169,396,2761.072012057546,9.209944874789166,9.209944874789166,inter_plane,0
170,266,3178.766374200012,10.603223294563374,10.603223294563374,inter_plane,0
170,267,2360.819535978474,7.874846324447809,7.874846324447809,inter_plane,0
171,359,838.5111653313069,2.796972181772855,2.796972181772855,intra_plane,0
172,342,1920.1017088409255,6.404769891979489,6.404769891979489,inter_plane,0
172,356,1690.063615089607,5.637445405946827,5.637445405946827,intra_plane,0
172,357,4954.763272886612,16.527311280414573,16.527311280414573,intra_plane,0
173,176,1683.059371830243,5.6140817652932515,5.6140817652932515,intra_plane,0
173,231,775.451771591187,2.586628685606184,2.586628685606184,inter_plane,0
174,175,1456.0908578209533,4.856996295153474,4.856996295153474,inter_plane,0
174,275,1685.736606751118,5.623012059733397,5.623012059733397,intra_plane,0
174,307,654.3935548877256,2.1828219403962645,2.1828219403962645,inter_plane,0
175,272,1947.2974481245112,6.49548511365323,6.49548511365323,inter_plane,0
175,275,343.5321685318889,1.1458999696779861,1.1458999696779861,inter_plane,0
176,231,1102.2313471348218,3.6766480200606706,3.6766480200606706,inter_plane,0
177,185,2519.131071869881,8.40291676673828,8.40291676673828,intra_plane,0
177,280,1932.906696939513,6.447482734670774,6.447482734670774,inter_plane,0
177,366,664.4204416771423,2.2162680345919257,2.2162680345919257,inter_plane,0
178,184,1690.7993629644316,5.6398995966884256,5.6398995966884256,intra_plane,0
179,364,1062.5839044974903,3.54439838675825,3.54439838675825,inter_plane,0
180,181,2522.006798797116,8.41250915924348,8.41250915924348,intra_plane,0
180,222,1118.48127851517,3.73085195663985,3.73085195663985,inter_plane,0
180,399,4158.979111286614,13.872861042043342,13.872861042043342,intra_plane,0
181,246,1904.7760291396037,6.353648927150808,6.353648927150808,inter_plane,0
182,183,2520.489325134507,8.407447411950926,8.407447411950926,intra_plane,0
182,219,1486.176743776042,4.957352008421913,4.957352008421913,inter_plane,0
182,221,1124.2531043869826,3.7501046953855743,3.7501046953855743,inter_plane,0
183,221,1478.5517369115146,4.931917723265455,4.931917723265455,inter_plane,0
184,185,2197.6750147883145,7.3306547784744955,7.3306547784744955,inter_plane,0
185,366,3140.039337651017,10.474043805501662,10.474043805501662,inter_plane,0
186,349,608.0374697679945,2.028194684497348,2.028194684497348,inter_plane,0
187,283,2135.819716203581,7.124327711418214,7.124327711418214,inter_plane,0
187,345,3140.170316159934,10.474480702779834,10.474480702779834,inter_plane,0
188,343,3102.5843163916993,10.349107302731744,10.349107302731744,inter_plane,0
189,285,633.637237675609,2.1135863186912096,2.1135863186912096,inter_plane,0
189,317,3146.0373024538176,10.494050862526427,10.494050862526427,inter_plane,0
189,367,1346.0143998432086,4.489820754073836,4.489820754073836,inter_plane,0
189,369,2168.9112985456427,7.234709348644263,7.234709348644263,inter_plane,0
190,288,637.48572473144,2.1264234897178103,2.1264234897178103,inter_plane,0
190,290,1246.46650117046,4.157764706577308,4.157764706577308,inter_plane,0
190,300,1708.2522508615475,5.698116164288388,5.698116164288388,intra_plane,0
191,218,1481.941231319132,4.9432238596180165,4.9432238596180165,inter_plane,0
191,230,512.445294943094,1.7093335114624333,1.7093335114624333,inter_plane,0
191,386,2311.0936390263187,7.708978586200186,7.708978586200186,inter_plane,0
191,391,4373.345520858437,14.587910416540357,14.587910416540357,inter_plane,0
192,309,2969.564325785314,9.905400374632887,9.905400374632887,inter_plane,0
192,321,1927.3508569842097,6.428950447393209,6.428950447393209,inter_plane,0
192,387,1920.6577193407045,6.406624543372283,6.406624543372283,inter_plane,0
192,390,676.8473936295762,2.2577198844327704,2.2577198844327704,inter_plane,0
193,195,613.8863363610075,2.047704403427679,2.047704403427679,inter_plane,0
194,212,626.9682202851197,2.0913408711740167,2.0913408711740167,inter_plane,0
194,225,4538.571434110365,15.139044739112032,15.139044739112032,inter_plane,0
195,263,4637.693210811614,15.46967939670989,15.46967939670989,inter_plane,0
196,198,2725.675610691564,9.09187518884002,9.09187518884002,inter_plane,0
196,326,2772.011966248718,9.246436634002041,9.246436634002041,inter_plane,0
196,335,2991.7246507427462,9.979319262070115,9.979319262070115,inter_plane,0
197,251,3577.200226370728,11.932255568519768,11.932255568519768,inter_plane,0
198,225,2542.668007733741,8.481427533889931,8.481427533889931,intra_plane,0
199,200,3121.82547148731,10.41328888763209,10.41328888763209,inter_plane,0
199,313,3575.8103610841745,11.9276194769522,11.9276194769522,inter_plane,0
200,352,1339.761872449767,4.468964567646886,4.468964567646886,inter_plane,0
201,243,3575.8095452020243,11.927616755462289,11.927616755462289,inter_plane,0
202,257,999.0594171095455,3.3325035051733876,3.3325035051733876,inter_plane,0
202,262,762.0374117575213,2.541883197600393,2.541883197600393,inter_plane,0
203,206,2520.4748247091397,8.407399043738252,8.407399043738252,intra_plane,0
203,248,454.33009371210477,1.5154820663036987,1.5154820663036987,inter_plane,0
204,205,4163.509171047492,13.887971694896647,13.887971694896647,intra_plane,0
204,241,1928.605360786573,6.43313502165079,6.43313502165079,inter_plane,0
205,241,2313.0361220553164,7.71545801214024,7.71545801214024,inter_plane,0
205,249,1930.2771406878187,6.438711479152083,6.438711479152083,inter_plane,0
206,248,2156.0105110643885,7.191676953608982,7.191676953608982,inter_plane,0
208,235,2991.2427461754587,9.977711801460526,9.977711801460526,inter_plane,0
208,379,847.5938945536615,2.8272689053227,2.8272689053227,intra_plane,0
208,382,1688.1070234253157,5.630918918665111,5.630918918665111,intra_plane,0
209,251,2918.4213915005107,9.734805908628,9.734805908628,inter_plane,0
209,380,1260.7674315413947,4.205467475574034,4.205467475574034,inter_plane,0
210,384,841.9115291272556,2.8083145745022566,2.8083145745022566,intra_plane,0
211,233,2920.716318142919,9.742460959918208,9.742460959918208,inter_plane,0
211,325,2073.0385530611775,6.91491229262738,6.91491229262738,inter_plane,0
211,326,1264.7693768193603,4.218816528130806,4.218816528130806,inter_plane,0
213,239,1467.5395112540937,4.895184892390101,4.895184892390101,inter_plane,0
213,336,4631.315356257405,15.448405163873087,15.448405163873087,inter_plane,0
214,215,1684.6100062092794,5.619254124829516,5.619254124829516,intra_plane,0
214,287,2979.9041509971953,9.93989031904597,9.93989031904597,inter_plane,0
214,303,2085.218078217195,6.955538815513481,6.955538815513481,inter_plane,0
214,316,837.1148227590209,2.7923144843057424,2.7923144843057424,intra_plane,0
215,287,1314.414535491458,4.384414952465075,4.384414952465075,inter_plane,0
215,303,3721.120920739175,12.412323330492773,12.412323330492773,inter_plane,0
217,263,691.5249789287251,2.306679039032814,2.306679039032814,inter_plane,0
218,323,2983.8590035289994,9.953082287110103,9.953082287110103,inter_plane,0
218,386,838.0834314042529,2.795545414969222,2.795545414969222,intra_plane,0
219,221,2523.2174063077737,8.416547311232804,8.416547311232804,intra_plane,0
219,243,703.031499686555,2.3450606608874565,2.3450606608874565,inter_plane,0
220,246,3731.2992184189425,12.446274477054864,12.446274477054864,inter_plane,0
222,223,2527.1913614130017,8.42980299862314,8.42980299862314,intra_plane,0
223,399,679.2500384694252,2.2657342449536384,2.2657342449536384,inter_plane,0
226,325,2300.1193061315653,7.672372151975769,7.672372151975769,inter_plane,0
226,335,2898.8860450017414,9.669643006835553,9.669643006835553,inter_plane,0
227,324,2129.656775977942,7.103770355616958,7.103770355616958,inter_plane,0
229,230,2545.817506927526,8.491933132378955,8.491933132378955,intra_plane,0
229,319,237.62681855659596,0.7926377472664639,0.7926377472664639,inter_plane,0
230,319,2773.5322978597756,9.251507914384478,9.251507914384478,inter_plane,0
231,363,1930.6632879047952,6.439999527622524,6.439999527622524,inter_plane,0
232,237,1073.1008795453715,3.5794792394189305,3.5794792394189305,inter_plane,0
232,328,462.0936728608244,1.5413785788461176,1.5413785788461176,inter_plane,0
233,236,1091.7729056631208,3.6417624143937632,3.6417624143937632,inter_plane,0
233,330,1366.0655373075217,4.556704149333609,4.556704149333609,inter_plane,0
234,322,559.85076863605,1.86746115086074,1.86746115086074,inter_plane,0
234,378,4540.235845870215,15.144596619139147,15.144596619139147,inter_plane,0
234,381,2981.9116067581313,9.94658647069144,9.94658647069144,inter_plane,0
235,379,2179.0518916561214,7.268534726300958,7.268534726300958,inter_plane,0
235,382,4596.346126430713,15.33176036880392,15.33176036880392,inter_plane,0
236,329,4364.718006106845,14.55913212502112,14.55913212502112,inter_plane,0
236,330,290.5638823053333,0.9692167849844086,0.9692167849844086,inter_plane,0
236,402,544.3049645943829,1.8156059302678753,1.8156059302678753,access,-1
237,328,611.8805062437112,2.0410136743457077,2.0410136743457077,inter_plane,0
239,336,3332.5940930407387,11.116337333078402,11.116337333078402,intra_plane,0
242,247,4331.524197626013,14.448409498100226,14.448409498100226,inter_plane,0
242,268,4739.04005492977,15.807736080304496,15.807736080304496,inter_plane,0
242,376,840.0275486962715,2.802030292223934,2.802030292223934,intra_plane,0
245,249,1478.418206209367,4.931472312787026,4.931472312787026,inter_plane,0
247,376,3527.4544728287783,11.76632159581806,11.76632159581806,inter_plane,0
248,398,791.4207319063795,2.6398954035941076,2.6398954035941076,inter_plane,0
250,294,2155.282084175562,7.189247183048087,7.189247183048087,inter_plane,0
252,362,4372.62127700529,14.585494599084578,14.585494599084578,inter_plane,0
253,261,4161.41361882183,13.880981685075714,13.880981685075714,intra_plane,0
253,406,513.3207215807921,1.7122536204055945,1.7122536204055945,access,-1
254,256,3354.2691562651144,11.188637561606418,11.188637561606418,intra_plane,0
254,260,836.3846583467932,2.7898789179906363,2.7898789179906363,intra_plane,0
254,354,4536.229047694361,15.131231379057445,15.131231379057445,inter_plane,0
256,354,1311.6402095949773,4.375160797390631,4.375160797390631,inter_plane,0
257,258,4962.617153553972,16.553509006400592,16.553509006400592,intra_plane,0
257,262,781.6054810469291,2.607155250873353,2.607155250873353,intra_plane,0
258,260,2525.0911661533837,8.422797501308,8.422797501308,intra_plane,0
258,404,946.4401436970614,3.1569845019151934,3.1569845019151934,access,-1
259,261,1451.2389539030466,4.840812085749825,4.840812085749825,inter_plane,0
259,354,4170.625544563474,13.911709361826155,13.911709361826155,intra_plane,0
265,270,2534.3266342640036,8.453603706948504,8.453603706948504,intra_plane,0
265,271,1686.7924870573106,5.626534097323124,5.626534097323124,intra_plane,0
265,372,1099.5674898828536,3.667762348720773,3.667762348720773,inter_plane,0
265,375,671.9483529267152,2.241378443638883,2.241378443638883,inter_plane,0
266,267,837.2575293034907,2.792790502099592,2.792790502099592,intra_plane,0
266,271,4164.838087977433,13.89240448462994,13.89240448462994,intra_plane,0
266,393,498.68966988958323,1.6634496852138396,1.6634496852138396,inter_plane,0
267,269,4171.392508020852,13.914267676543258,13.914267676543258,intra_plane,0
267,393,1297.8737473319034,4.3292408221020136,4.3292408221020136,inter_plane,0
267,403,821.1005568711586,2.738896643194268,2.738896643194268,access,-1
268,270,834.2265521954916,2.7826802507336312,2.7826802507336312,intra_plane,0
268,372,4386.5439375105925,14.6319355956266,14.6319355956266,inter_plane,0
269,392,499.3356892934945,1.6656045739933008,1.6656045739933008,inter_plane,0
270,375,1942.0825287947887,6.478090015175727,6.478090015175727,inter_plane,0
271,372,657.9326494533822,2.194627089162404,2.194627089162404,inter_plane,0
271,375,2312.7337340137856,7.714449354205521,7.714449354205521,inter_plane,0
272,275,1685.492407170792,5.622197497612805,5.622197497612805,intra_plane,0
273,276,4154.860487910977,13.859122793245778,13.859122793245778,intra_plane,0
273,305,2099.7545190418696,7.004027162824322,7.004027162824322,inter_plane,0
274,278,858.5258260963259,2.86373390386067,2.86373390386067,intra_plane,0
274,306,2208.438257836018,7.366557092760545,7.366557092760545,inter_plane,0
275,307,1332.6700623168538,4.445308835343863,4.445308835343863,inter_plane,0
276,278,1678.8891304438105,5.600171337345019,5.600171337345019,intra_plane,0
276,305,2127.2328202517583,7.0956849096309105,7.0956849096309105,inter_plane,0
276,306,561.8088807376137,1.8739927097752862,1.8739927097752862,inter_plane,0
277,308,643.660005843627,2.147018674644667,2.147018674644667,inter_plane,0
278,306,1382.8610126619435,4.612727824733815,4.612727824733815,inter_plane,0
279,363,3741.0968239543736,12.47895577131021,12.47895577131021,inter_plane,0
280,362,2116.3641675260756,7.059430986506257,7.059430986506257,inter_plane,0
280,366,1372.5864714040993,4.578455644151325,4.578455644151325,inter_plane,0
280,402,786.4773201050629,2.623405956747127,2.623405956747127,access,-1
281,283,3768.2556354638577,12.569547815188393,12.569547815188393,inter_plane,0
281,365,1467.3232628790508,4.894463565454509,4.894463565454509,inter_plane,0
282,364,2127.5439147581774,7.096722609206458,7.096722609206458,inter_plane,0
282,401,531.4237894148621,1.7726389548294177,1.7726389548294177,access,-1
283,345,1118.3499679242686,3.7304139516554105,3.7304139516554105,inter_plane,0
284,348,1492.782038741968,4.979384900810174,4.979384900810174,inter_plane,0
285,371,642.0488801285388,2.1416445377306284,2.1416445377306284,inter_plane,0
286,304,849.4110235963648,2.833330195372576,2.833330195372576,intra_plane,0
286,368,3590.3101013458504,11.975985404362142,11.975985404362142,inter_plane,0
286,370,655.5553949553253,2.1866974217054027,2.1866974217054027,inter_plane,0
286,408,804.117268690532,2.6822464916396664,2.6822464916396664,access,-1
287,303,4968.259258111548,16.572329041418207,16.572329041418207,intra_plane,0
287,304,4143.797607569391,13.822220996531513,13.822220996531513,intra_plane,0
288,290,610.8334308852162,2.0375210069001013,2.0375210069001013,inter_plane,0
288,314,1281.8657566056095,4.275843912676447,4.275843912676447,inter_plane,0
288,315,483.66459812234854,1.6133314405205903,1.6133314405205903,inter_plane,0
289,297,672.0206709359085,2.241619670551914,2.241619670551914,inter_plane,0
289,298,3563.8493152226083,11.88772172254783,11.88772172254783,inter_plane,0
289,301,385.96519870099473,1.287441322826723,1.287441322826723,inter_plane,0
289,302,1118.3629068589696,3.7304571112958738,3.7304571112958738,inter_plane,0
290,300,2924.0574111765945,9.753605646665717,9.753605646665717,inter_plane,0
290,369,4152.425329368059,13.850999978685449,13.850999978685449,intra_plane,0
291,293,4159.432577468103,13.874373642408653,13.874373642408653,intra_plane,0
293,310,4159.476403309729,13.874519829680736,13.874519829680736,intra_plane,0
296,297,2504.331683398704,8.353551320489538,8.353551320489538,intra_plane,0
296,299,1686.308318457505,5.624919084713949,5.624919084713949,intra_plane,0
297,301,856.5540181245149,2.8571566604404537,2.8571566604404537,intra_plane,0
298,300,854.8802739872536,2.851573650953066,2.851573650953066,intra_plane,0
298,302,2507.279770406619,8.363385080243143,8.363385080243143,intra_plane,0
299,316,3947.982820196392,13.169053172766583,13.169053172766583,inter_plane,0
301,302,845.4828885629838,2.8202273472903174,2.8202273472903174,intra_plane,0
303,316,1270.8443183946154,4.239080352030121,4.239080352030121,inter_plane,0
304,368,4401.961975684779,14.68336463515963,14.68336463515963,inter_plane,0
304,370,322.3489506137048,1.0752403604953424,1.0752403604953424,inter_plane,0
304,408,800.2305369772522,2.669281750167485,2.669281750167485,access,-1
305,306,2481.154703546997,8.276241237352933,8.276241237352933,intra_plane,0
308,333,3143.112674434662,10.48429535353642,10.48429535353642,inter_plane,0
309,390,2321.7761693617904,7.744611671857971,7.744611671857971,inter_plane,0
311,327,3608.5785232803028,12.036922300694778,12.036922300694778,inter_plane,0
312,395,2952.6808689055797,9.849083224453832,9.849083224453832,inter_plane,0
312,396,440.4774829740828,1.4692747306340936,1.4692747306340936,inter_plane,0
314,315,835.6091845816919,2.787292215942577,2.787292215942577,intra_plane,0
314,317,2524.330332114668,8.4202596321308,8.4202596321308,intra_plane,0
318,320,1688.3950646093738,5.631879720634513,5.631879720634513,intra_plane,0
319,391,1293.5838789365034,4.314931361403707,4.314931361403707,inter_plane,0
320,321,2532.2192001346416,8.446574063363,8.446574063363,intra_plane,0
321,323,4146.182108382738,13.830174835094544,13.830174835094544,intra_plane,0
321,390,1387.8716323449191,4.629441452943153,4.629441452943153,inter_plane,0
322,389,563.3538800672984,1.8791462728101667,1.8791462728101667,inter_plane,0
323,386,2179.170823950557,7.26893144173279,7.26893144173279,inter_plane,0
323,387,641.5223333968536,2.139888166889287,2.139888166889287,inter_plane,0
324,407,702.978777299562,2.3448847979343164,2.3448847979343164,access,-1
325,326,826.4347357166683,2.7566895485965444,2.7566895485965444,intra_plane,0
325,335,615.4895769045457,2.0530522382405825,2.0530522382405825,inter_plane,0
326,335,234.61496601129124,0.7825912885750157,0.7825912885750157,inter_plane,0
327,405,997.3712069007767,3.326872242065465,3.326872242065465,access,-1
329,330,4133.061827034369,13.786410287327408,13.786410287327408,intra_plane,0
330,402,713.476307320098,2.3799007889654717,2.3799007889654717,access,-1
331,332,4945.4301570515445,16.496179357025532,16.496179357025532,intra_plane,0
331,360,1215.4088395290726,4.05416749853351,4.05416749853351,inter_plane,0
332,334,844.8684343965343,2.818177748809593,2.818177748809593,intra_plane,0
332,356,3746.920501999378,12.498381470288281,12.498381470288281,inter_plane,0
332,358,1344.556160487549,4.484956591161307,4.484956591161307,inter_plane,0
332,409,720.5983202320924,2.4036572668952614,2.4036572668952614,access,-1
334,360,4602.3071691492705,15.35164426701245,15.35164426701245,inter_plane,0
337,338,4163.917725327797,13.88933448528514,13.88933448528514,intra_plane,0
338,340,1684.9447044255119,5.620370557906137,5.620370557906137,intra_plane,0
339,341,853.871496981366,2.84820873306081,2.84820873306081,intra_plane,0
339,342,3338.218455061594,11.135098185363935,11.135098185363935,intra_plane,0
339,357,288.12147698730394,0.9610697977842524,0.9610697977842524,inter_plane,0
341,355,1483.2177412629032,4.947481838462072,4.947481838462072,inter_plane,0
341,357,1080.9334653445183,3.605605933370473,3.605605933370473,inter_plane,0
343,348,4960.163799960552,16.545325499684694,16.545325499684694,intra_plane,0
345,346,4958.981498950573,16.541381768018237,16.541381768018237,intra_plane,0
345,347,4965.151731446291,16.5619634482142,16.5619634482142,intra_plane,0
346,350,2520.991172158646,8.409121393436275,8.409121393436275,intra_plane,0
347,351,2526.689653527948,8.428129481255823,8.428129481255823,intra_plane,0
348,349,4154.931880316272,13.85936093267654,13.85936093267654,intra_plane,0
355,357,2530.4735894257565,8.440751332796227,8.440751332796227,intra_plane,0
355,401,843.5960265854975,2.813933453207477,2.813933453207477,access,-1
356,358,4945.194161906991,16.495392161956893,16.495392161956893,intra_plane,0
358,360,2530.871437557114,8.442078411315851,8.442078411315851,intra_plane,0
361,406,851.1039575411745,2.838977215167883,2.838977215167883,access,-1
367,369,845.9731030102515,2.8218625266758766,2.8218625266758766,intra_plane,0
368,370,4175.172485833427,13.926876325332465,13.926876325332465,intra_plane,0
370,408,587.612870347321,1.9600655542419314,1.9600655542419314,access,-1
372,375,1688.8878095059135,5.6335233406902905,5.6335233406902905,intra_plane,0
373,374,1693.9928772761325,5.650552013807274,5.650552013807274,intra_plane,0
373,377,850.2954414684889,2.8362802958454973,2.8362802958454973,intra_plane,0
386,387,2511.969929838286,8.379029768114735,8.379029768114735,intra_plane,0
387,390,2524.745301365286,8.421643820556975,8.421643820556975,intra_plane,0
388,389,4965.6791708688315,16.563722796751716,16.563722796751716,intra_plane,0
392,393,4959.255885300259,16.542297022362913,16.542297022362913,intra_plane,0
394,395,1681.9677318305323,5.610440446205396,5.610440446205396,intra_plane,0
395,396,2526.0456226995793,8.425981225650377,8.425981225650377,intra_plane,0
397,399,3344.4221483849037,11.155791478866703,11.155791478866703,intra_plane,0
